title,price,img,href,city,state
Samsung Galaxy Note 9 and Samsung Galaxy,850,https://images.offerup.com/eS1p0ELj7c15YCqqVov3C3zmf7Y=/300x300/d1d7/d1d7470c8b824c059959c90acc4068c1.jpg,/item/detail/562606958/,Boston, MA
iPad Air 2 64gb,255,https://images.offerup.com/ggl5MiNBoW0GL7ToT4aRLmoBCxc=/300x400/d9ad/d9ad22e50bd14ed38e54ac30ad123e3c.jpg,/item/detail/562542463/,Boston, MA
150W Power Inverter,10,https://images.offerup.com/b17bETUb5ct5bGhS4yy2U38alO0=/300x400/b9d0/b9d0027954fe4adead4de2577399aedb.jpg,/item/detail/562523442/,Cambridge, MA
Samsung 128GB micro SD card new,35,https://images.offerup.com/Nx7VFW6MCB5TuWxzmfPmzHWUAL0=/300x533/8d71/8d71c4d9bc1b48e3bb1ef8b97609116c.jpg,/item/detail/562474253/,Boston, MA
iPad (6th Generation) 32gb,300,https://images.offerup.com/rl8ba2jvvVE9JMfRQl4Q6ehYXdw=/300x225/df43/df432cb7b0fd469f8b1f04c3e55643b8.jpg,/item/detail/562433663/,Boston, MA
bluetooth earphones,20,https://images.offerup.com/iScuYKzx7AKoE5tvvlCAl5YUS2g=/300x400/a4d8/a4d8476ff1da4e54baf94ae9416188fc.jpg,/item/detail/562419655/,Medford, MA
iPad Air 2 Cellular and wifi,255,https://images.offerup.com/Q_JFDeQIL8HA_1gaVJSVcsXZBCw=/300x400/494e/494ee08a74a74d49bc7b3a65c42dc0d2.jpg,/item/detail/562418378/,Cambridge, MA
Bluetooth pillow,25,https://images.offerup.com/ZDy7gGkpc-E0MRdLydSUfZ_IA90=/300x225/200c/200c2ca6754a421cb2d12d59e6b02f73.jpg,/item/detail/562383537/,Somerville, MA
Nintendo Wii U,180,https://images.offerup.com/JjKOhpdSPPaVuEHZj2x6M2jbSU4=/300x400/86ad/86ad6b8ba81d4d4295a46981e1db0c7b.jpg,/item/detail/562347849/,Brookline, MA
Apple Watch series 3,300,https://images.offerup.com/_RFIePwyTvEbgYXWbQmPVZEVXT4=/300x400/1cb4/1cb4041f374a412db05fcd804ac20731.jpg,/item/detail/562333031/,Boston, MA
iPad Air 1,180,https://images.offerup.com/sYWiJsCojU8CIRBj5zkRAYHTgFI=/300x400/3b3a/3b3a83115eeb4665bfdaabb3f14d0eba.jpg,/item/detail/562324518/,Cambridge, MA
Apple ipad air 2 64 gb,260,https://images.offerup.com/kY259Nv2iWQIz1P6C3ulTIjS_s4=/300x400/73aa/73aaef7be7074a3998faf066b9cb282e.jpg,/item/detail/562301038/,Somerville, MA
Ion bluetooth record player,90,https://images.offerup.com/5u7AEQWJfgJyzQjl35oSpKvBjo0=/300x415/9ac3/9ac3bfa5635d4d6ca92d5868c32b57fc.jpg,/item/detail/562297668/,Boston, MA
Samsung Galaxy Tablet E,120,https://images.offerup.com/wttYVfHSX4DOrLF1pBkr_nT3EmQ=/300x533/c6f8/c6f803155bc940b19304e3e99e594d72.jpg,/item/detail/562285664/,Boston, MA
Helbros Gold Plated Watch,85,https://images.offerup.com/jiM_5cyEa5y_BUoXysGTN8BOHzA=/300x400/ab4b/ab4be33b59a5408da7e74cefb2c756de.jpg,/item/detail/562216818/,Boston, MA
Apple ipad air 2 64 gb Unlocked,260,https://images.offerup.com/PVbEXjC0LM8Ul14YwBBLaNdNRJA=/300x400/b2d6/b2d65b23eb9d4fddb076bcc221b4331f.jpg,/item/detail/562193052/,Somerville, MA
Segway-Ninebot,400,https://images.offerup.com/7fCDx4CqutlcXTIeOiHnfrmgiKY=/300x441/1b3b/1b3b9a5eac0a4b3ca041d82c7cda514f.jpg,/item/detail/562587917/,Greensboro, NC
Bose Soundtouch 20,200,https://images.offerup.com/wBp9SbzExARaHRX8BbzPqHzWaKM=/300x400/e6f9/e6f958df3c0c49bb8852c83aa1e22f76.jpg,/item/detail/562099618/,Boston, MA
iPad Air 2 Cellular 16gb,255,https://images.offerup.com/vVz7-BtBTFj-EZtPlzLmFE38x-M=/300x400/b843/b8437a1a03e342cfa77def42bde1b2a4.jpg,/item/detail/562060295/,Somerville, MA
Samsung Galaxy tab A6.no scratches,150,https://images.offerup.com/wtdcTM61Jra8c5nvnl1YOViA7eo=/300x533/b531/b5315a9634cd4c9e902a8610a306100a.jpg,/item/detail/562581251/,Fresno, CA
200 GB sandisc SD card with SD card...,45,https://images.offerup.com/HGkpM8MvZui2MfDF3DQySX7GbvI=/300x400/f779/f7790e6bc3354d449df03c9f5cecc7cf.jpg,/item/detail/561957814/,Boston, MA
Iclicker 2,30,https://images.offerup.com/pt_SYSxaDxfk95HeQAYSerY36rw=/300x400/1d2c/1d2cd217cbfd4dbaa4e6ba0810dc5586.jpg,/item/detail/561889556/,Boston, MA
Speaker,1500,https://images.offerup.com/2u0ehx4rzVN6d17TwbUxNZOL9F0=/300x400/cf99/cf99a5d5fd824ef0b9b213e2326a513e.jpg,/item/detail/561844139/,Boston, MA
Beats Solo 3 Wireless Headphones ,200,https://images.offerup.com/CNDq987zmUB9-FNHeUBvQzEPApM=/300x300/a8da/a8da0d8aead24ddfb9fad7a06e4dba54.jpg,/item/detail/561828600/,Boston, MA
Lizone extra pro series,100,https://images.offerup.com/n1MVEyFpMlITfTPwreQYNvKEMpA=/300x533/f5fa/f5faa09a1aaf4609bba10f90b2a32eb7.jpg,/item/detail/561809283/,Cambridge, MA
Jaybird X3 Wireless Headphones,65,https://images.offerup.com/UJS-JJClqi0nj_mfYjzKRckY75c=/300x225/fe23/fe23739c380a43738abc69ab416825f1.jpg,/item/detail/561778434/,Somerville, MA
Amazon tablet $75,75,https://images.offerup.com/kJkNs5ZOYEkn_p9CjxANi-FCpV4=/300x432/554a/554a0a68bf6d44738265089741a53b64.jpg,/item/detail/561723359/,Boston, MA
Apple TV 1st generation with HDMI cable,50,https://images.offerup.com/FPaQvqmqvveI8lOJ5HekKU1oKDg=/300x225/3b15/3b153af8778b4b3ba7bc5f50e1564e24.jpg,/item/detail/561697110/,Somerville, MA
Top of the line projector,2300,https://images.offerup.com/I00dwTDDiCgXzl4ZWdFlnAHYfD4=/300x168/6a3d/6a3dd8ce705445fca4a1bf53577aa68e.jpg,/item/detail/561581156/,Boston, MA
Gear VR 2016,30,https://images.offerup.com/2C7zQWndLuFLKz6Oi5gECy1knhE=/300x400/13ea/13eaa341bd934a6697e67e9bab99f64d.jpg,/item/detail/561563221/,Watertown, MA
Garmin driveSmart 50,130,https://images.offerup.com/-QXZIQ0rj-kS2oW_-rssXqlbIG0=/300x441/da13/da13207411084082a7b3fb50e3162767.jpg,/item/detail/560660557/,Boston, MA
Apple Watch Series 2 40MM,175,https://images.offerup.com/eE4zlamSslXgBM0oW2CgYf89D5A=/300x225/f86a/f86a8b0c2b5641bc9b2ae4b932cb12d4.jpg,/item/detail/561440409/,Boston, MA
AVI TO HDMI OUTPUT,5,https://images.offerup.com/VJamHUA_biE829SZRNYr_Z0o4Bw=/300x225/fb1a/fb1a1abaa18d4bda8a578de9c2efe241.jpg,/item/detail/562574150/,Detroit, MI
Iphone 6s,120,https://images.offerup.com/6UhbH7aQcl3oqpQrnCHuM84pF2E=/300x533/8dfe/8dfef1e0c7d84fff9e9ceabef396c3bf.jpg,/item/detail/561273536/,ROXBURY CROSSING, MA
Brand new iPad Pro unlocked (Newest),750,https://images.offerup.com/TKoTAXxzxmuo7IysW_dIIcYXslI=/300x409/e776/e7763e21b4cc463bac628a9811d27d8d.jpg,/item/detail/561189372/,Boston, MA
Unlocked Black iPhone 7 (16GB),350,https://images.offerup.com/7mQV1L1du40tXhdngSLgQXaeC8Y=/300x533/d541/d5417d72041a4cf4b2843c2390161ca9.jpg,/item/detail/561178202/,Somerville, MA
Google home assistant,90,https://images.offerup.com/V6iGO-JEkKGUxP-vO9jvmWCQZSg=/300x590/8d57/8d5757112e674413bf5378c837f574ae.jpg,/item/detail/561101531/,Boston, MA
subzero,400,https://images.offerup.com/8oZGylKKwGqE83IyYokCzEBYYME=/300x619/0c64/0c643c0fd05a4f59bf8a38cb556c8d26.jpg,/item/detail/561022166/,Everett, MA
BNIB: Amazon Echo Dot (3rd generation),40,https://images.offerup.com/BwNjsI8eE2k5ziImggrBtn-VkhY=/300x486/b56d/b56dbc9b9e72405884dabf61a0f34771.jpg,/item/detail/560975740/,ROXBURY CROSSING, MA
Macbook Pro 2014 Model - 512 GB,1600,https://images.offerup.com/IABIn_81fDhWU-IzcocqsNt_ONY=/300x193/b7b8/b7b8ea664370448c9a39edefd999922f.jpg,/item/detail/560292382/,Arlington, MA
Google Gear VR,100,https://images.offerup.com/I9IrTlgpKFJ5wZPCX_gGABZvNX4=/300x225/7855/785568e572824caf8c056f72e6b32d0c.jpg,/item/detail/560834433/,Boston, MA
Sony digital camera,50,https://images.offerup.com/p5oQcsmAHvtlCGb-p3Ll61-NkKY=/300x400/5e35/5e35d3520c384eb6b132471ebd75c1ab.jpg,/item/detail/560679048/,Boston, MA
Lp lifeprint,110,https://images.offerup.com/C9TcPOvKwRGVfaHiDsBvtVDhgqU=/300x400/9620/9620717b08294968973f4b0ddf41f7e8.jpg,/item/detail/560665742/,Boston, MA
Jbl clip 2 like new,25,https://images.offerup.com/YZCl7Jl8v1-LfVnT1c-cVJk6K8M=/300x400/df15/df150bc13e514951913e09463f29cc90.jpg,/item/detail/562561808/,Tulsa, OK
Portable charger,20,https://images.offerup.com/eUTCQh2wo-jG1P_9uTvfVjpS8kY=/300x400/0bb7/0bb7999d5292413f9ed097678a34ac90.jpg,/item/detail/560597506/,Boston, MA
Seiko Quartz Gold Plated Watch,85,https://images.offerup.com/Y2Mh4Hi1ZOo2LuXSKR6TGD3wm88=/300x400/8693/869367c19ec94e8fa4a147581c70bf31.jpg,/item/detail/560503406/,Boston, MA
Apple iPad Air 1st generation 32GB ,165,https://images.offerup.com/AGZDoj7JrpnXLuts939iQ3QL1u8=/300x400/d767/d76704c81f7a41ecb2e01dee8390881b.jpg,/item/detail/560497306/,Everett, MA
Roku 3,35,https://images.offerup.com/BmbDNamHDy2dDPT5BWXr5MIl3LI=/300x391/c5e8/c5e864af1c214f36a2df440d3d8173c9.jpg,/item/detail/560431369/,Brookline, MA
Toshiba computer,120,https://images.offerup.com/jLd6EXH40Eu5ODoxN3RWaS9vl_0=/300x400/6a77/6a77d572e79e45e6aa18d6a2af606310.jpg,/item/detail/560306631/,Chelsea, MA
Vaper,25,https://images.offerup.com/FhDSlDn8Ulw-sg8m-0YKrp02oQY=/300x533/c627/c6272236e0d44372bed9ed459a854319.jpg,/item/detail/560236883/,DORCHESTR CTR, MA
Electronic,250,https://images.offerup.com/YBaUM90gbYHFCdRIbuEcDwrAKB8=/300x649/7114/7114d82d7e03459c800f2817848f38f6.jpg,/item/detail/560200669/,Chelsea, MA
study table lamp,7,https://images.offerup.com/B3qus7z3d62uIPXUaFPSnvDHV6U=/300x533/312b/312b8daf96c540e8b45225de5ecbc60b.jpg,/item/detail/315086651/,Malden, MA
Tone Active+ headphones,100,https://images.offerup.com/g_q-rTjgdNvsYlLb-4rQ9RuDba4=/300x649/87ef/87eff2b3eaea4247bd227b5bf4596d37.jpg,/item/detail/560172074/,Boston, MA
Video player for iPod,25,https://images.offerup.com/ob7hrhFsAzBEv3qDvhSz6aF20zw=/300x441/29fe/29fe6140c9084bfca2e7466a9dca37b3.jpg,/item/detail/560163084/,Quincy, MA
Brand New car radio,250,https://images.offerup.com/4bO28SuRbubXsUdJquH6BpI_hGo=/300x400/ab1c/ab1c760913a94d8eadafc41d1f97fd38.jpg,/item/detail/560111432/,Boston, MA
nVIDIA GEFORCE GT 610,19.95,https://images.offerup.com/FGMbNJmzmhs0Y8dddU7IFTF1_S4=/300x248/bea5/bea56a4e0ca64edf8e1a549a24f7686f.jpg,/item/detail/559368609/,Boston, MA
Citizen Earbud,100,https://images.offerup.com/SBIa94ljRXKSSUwpM8vabld_pv4=/300x533/3868/3868639c65a241b4bf49c274fd05e0f9.jpg,/item/detail/559897255/,DORCHESTR CTR, MA
20” Element TV,30,https://images.offerup.com/edNkrZ-4HqjvLvyRn0TbaGAdtiQ=/300x400/cfa4/cfa42b8502c14197a4fa9d9c27eb85df.jpg,/item/detail/559771893/,Boston, MA
Amazon alexa,25,https://images.offerup.com/oBy8Cq12lagRu2ywFJqbq97s504=/300x400/44bb/44bb6d1c521140ceb1dd5eb7b06a064e.jpg,/item/detail/559751213/,Everett, MA
Electric wheelchair,1500,https://images.offerup.com/K3YDUL-9815F4njrS6rPKCb3nTo=/300x533/6c7a/6c7a966f910a430eb0cb9a67e4666e9b.jpg,/item/detail/457265129/,Boston, MA
EARPODS,20,https://images.offerup.com/Mb6LjmAwKwvkRDCz3F3I1Hi1aVw=/300x400/acf8/acf89473f56e458688019fc74abb76ae.jpg,/item/detail/559563605/,Boston, MA
Notifi video doorbell,80,https://images.offerup.com/qTh93lIZJmDfz5ggtPd9Y4ve9a8=/300x400/256d/256d3e22149147d4a556ec12edce0aec.jpg,/item/detail/559456052/,Chelsea, MA
Samsung MIX JS9500 GIGA sound,1100,https://images.offerup.com/VzNlgNBLKLj6cnDGQ2seDsXA4Go=/300x400/8c7b/8c7b8d69fa064e4495fe551015577635.jpg,/item/detail/559270138/,Boston, MA
Beats X Headphones,75,https://images.offerup.com/MUFjr3d033xGGSNSBbvKmNlHJ5Q=/300x400/b0bc/b0bc91fdfcd74529a7b7c4dcbe8099c6.jpg,/item/detail/559265056/,Boston, MA
500 Million Edition PS4,950,https://images.offerup.com/ebqziT5eVgW3bIfa7zEq4SgF0DA=/300x225/3667/36674ad191a1457791ff1e97dd718814.jpg,/item/detail/559243298/,Everett, MA
Beats Pill 1.0 & UrBeats ,99,https://images.offerup.com/UppEeUB6jZT6tlCthxHOB4cmaVc=/300x225/0a0e/0a0e1308ef3645a4952e2151c351d2dd.jpg,/item/detail/558699545/,Boston, MA
Ipad mini 16gb excellent condition,140,https://images.offerup.com/FV-ICDA9aMzOgmDKX1sUAenHwzw=/300x400/949d/949dadc4ae064a9e92b6307420bdac4e.jpg,/item/detail/559132466/,Boston, MA
Classroom performance system,33,https://images.offerup.com/mAkfWJbgPrUdgvBqNZ_Vy8tMBl4=/300x168/1b7a/1b7acad247ff4cf8b8019308270fe05f.jpg,/item/detail/559088937/,Boston, MA
Garmin Fenix 5x GPS and Navigation,620,https://images.offerup.com/JgSs46-iZWrAz4NTnjIU5CB8lzo=/300x480/68e7/68e7e40342a04f339d95d5caecc3318c.jpg,/item/detail/558892172/,Boston, MA
Bundle of Electronics,90,https://images.offerup.com/4SeJ8Vz-S99acz97ylogzWe-Sj0=/300x533/3af6/3af66430b9fc484a8b4dbc1fe289f206.jpg,/item/detail/558750120/,Boston, MA
Samsung gear whit controller,100,https://images.offerup.com/EulKURWqIt6MordPKF8NcGmdk9I=/300x533/49dc/49dceb17b38e41489b2c12e69ff867b8.jpg,/item/detail/558691309/,Cambridge, MA
Iwatch 3,150,https://images.offerup.com/So9u6IExFali6PLkPNAFl04usks=/300x400/07f5/07f5c01810cb481f966322efd48be07c.jpg,/item/detail/558624153/,Boston, MA
Amazon Echo w/ Screen,90,https://images.offerup.com/Cn-7QzTQbDgWKqb9CL7rTm02bDo=/300x432/465d/465dc0834eda4c30bb8affd46e03b5c8.jpg,/item/detail/558517486/,Brookline, MA
Beats studio 3 wireless,190,https://images.offerup.com/pEc-M84qZj85oEQHAwN-h227ZpU=/300x225/a56c/a56c6a1feb4640f7ba8987ff028ab50f.jpg,/item/detail/558474040/,Brookline, MA
JAILBROKEN PS3,50,https://images.offerup.com/CVHekMyB1gjONdXOCuxRxWC-vFc=/300x225/fb8d/fb8d09d7b9e84a239f168cf736bc49b4.jpg,/item/detail/558198046/,Boston, MA
Olioclip iPhone - fisheye & wide an...,20,https://images.offerup.com/d23aT-jUx16xejPYMqYE86VCBNU=/300x300/b8c4/b8c4199bd2ae471da0288a52ace92172.jpg,/item/detail/558435246/,Boston, MA
I pod nano like new,100,https://images.offerup.com/Rr6J_DG3Nioi-r7jiY8hJjpplnk=/300x400/3956/395681998fa340efb7741a57724f20fe.jpg,/item/detail/557905199/,Brookline, MA
iHOME Remote iR9,5,https://images.offerup.com/Pznsb1bu0thiw7GhLr7nF9pqpaA=/300x400/634a/634a9cae007342a5876244f5d203f4d4.jpg,/item/detail/558337646/,Boston, MA
Apple ipad mini,120,https://images.offerup.com/ZJDeCAfeNKvz9hIBvEyh2EIFGJs=/300x225/1e7c/1e7c069ec83f420d809448a2394825ce.jpg,/item/detail/558317726/,Somerville, MA
Capello dvd player with remote,5,https://images.offerup.com/lsSBQrbmGGdDaO0ftcedIrl5h30=/300x334/96f1/96f1c08336174ca2b4f3cc1fe7e1bf54.jpg,/item/detail/558163128/,ROXBURY CROSSING, MA
Beats solo 3,130,https://images.offerup.com/IDr3aV6PqzGfoLn-0RjgVmMCzK4=/300x225/fed6/fed65e50e0504f1ca2150b909f096368.jpg,/item/detail/558073861/,Boston, MA
Excellent Sony Wireless Portable Bluetooth,60,https://images.offerup.com/sWEmSCxyQdpRbE_bgKubG-ZA4NQ=/300x225/75fc/75fc086e7b284d118457b16846e31b3a.jpg,/item/detail/558001011/,Revere, MA
PS3 80gb - Works!,50,https://images.offerup.com/Co9ngOKJJWQqtgA7aWv4kXLTH6Q=/300x315/7c7f/7c7f0a0bd4bf4a638248f1d86e9150df.jpg,/item/detail/557902608/,Boston, MA
Hp laser jet pro m15w,120,https://images.offerup.com/0pRiJIy8LziwW7UTZRrb9UTtjPQ=/300x400/617f/617f25136f73424d823ccf61b0e101b9.jpg,/item/detail/557746598/,Revere, MA
March 2018 Ipad a1892 6th gen 32,250,https://images.offerup.com/ln9VyxiE_BrJXvg0vo6CcvE33bE=/300x533/0cdf/0cdf6277d4df403d8690360331216afb.jpg,/item/detail/557702764/,Everett, MA
Usb outlets,45,https://images.offerup.com/mPD4Ff9cr24w1A5d5I4fWzqu8xY=/300x400/de5b/de5b96d15f854fd28d482d00a0a1466a.jpg,/item/detail/557649548/,Chelsea, MA
Bosch Gill 50,95,https://images.offerup.com/9cWe2mVyRuvXT7qKLqounDreioA=/300x400/c7d0/c7d0e8c1990743e38def2719434e867f.jpg,/item/detail/557454104/,Medford, MA
Fire tv stick,70,https://images.offerup.com/KeRzUW87kDJRrd0Mtj8vvjCCzzo=/300x441/285c/285c879a68454289a6832e0611da49fe.jpg,/item/detail/557369639/,Boston, MA
Apple Watch Series 2 (Locked),40,https://images.offerup.com/3SbIePKTFMA9p2v1BTdJglZf8y8=/300x400/6310/631006f289e944d4b654113f02f6d875.jpg,/item/detail/562472243/,Charlotte, NC
Canon Vixia HF R800,200,https://images.offerup.com/whrgfi8XuhQWCy1IMWu-EHtVZLY=/300x400/06ed/06ed527f3cb8459cb28dc4b6b9775c80.jpg,/item/detail/557241854/,Belmont, MA
MECCANO MAX ROBOT,150,https://images.offerup.com/YOtlpe0CmfGMAII81-BQFAUgYZo=/300x459/52b9/52b97e8c80c44be780c81670dab876ec.jpg,/item/detail/393165742/,Chelsea, MA
HOTWHEELS M2 MACHINES 2000 OF THEM,550,https://images.offerup.com/MuMK3fCl-YcHSHy4Vd9BlNrem0g=/300x400/23b8/23b8c7964aa5471a92cb01c553a4330f.jpg,/item/detail/356291247/,Medford, MA
Apple Apple Watch series 3,320,https://images.offerup.com/qaRlxgSmOvjC46ybv4GZHXekJus=/300x400/d99c/d99cf68609c941b49dea5ad2b5f0e964.jpg,/item/detail/557091521/,Boston, MA
Selling a Google home and Nest pro ...,250,https://images.offerup.com/nNYCZOsRArlesSvfaZnNbF4TDGk=/300x590/a5e2/a5e2eb4636fe433e81d0ae10c2011b54.jpg,/item/detail/556980141/,Boston, MA
TiVo premiere series 4 320GB,180,https://images.offerup.com/1wa2rJLoAncUiW2X0F6ugBN1LVs=/300x225/1ef5/1ef5e83068634379a6a0263dc8000b08.jpg,/item/detail/556779407/,Cambridge, MA
TI-89 Titanium graphic calculator,89,https://images.offerup.com/91XCAHb8hFRxI-VBfJ6DzQltyfo=/300x400/0d6e/0d6eb945525d47ad931179ad523b8ac2.jpg,/item/detail/556692748/,Cambridge, MA
Apple watch series1 38mm,150,https://images.offerup.com/nUX8N1KpxqPsuVH4HEaX3fzDGqM=/300x441/7064/70646ef81c524a618e460c1cb13bd684.jpg,/item/detail/556451709/,Everett, MA
Cd r,20,https://images.offerup.com/s1_nIxZqX_C5wqdbswKMoGq_O2w=/300x533/e152/e1528c38cefe4663af774a3ccf05d7b9.jpg,/item/detail/371253357/,ROXBURY CROSSING, MA
Jim rice ball,80,https://images.offerup.com/D7mFURKCBTUkC94XzyM5bzpdboo=/300x533/3c61/3c6166f84ac24d6489e905dbe2b592b2.jpg,/item/detail/371291003/,ROXBURY CROSSING, MA
Cars,40,https://images.offerup.com/C96NBVCx7RS-m3S7t8qLBr9x1TY=/300x533/7bf5/7bf5ddc965c846b18364d5f0009e82a2.jpg,/item/detail/371340732/,ROXBURY CROSSING, MA
Camara,80,https://images.offerup.com/8bOL-ZgP0fjrWJ_IZF_lbMvE3iM=/300x533/c3c9/c3c94f5b39904d25bf1d8d6e2e117220.jpg,/item/detail/372554812/,ROXBURY CROSSING, MA
One turtle Beach px21 and two Plant...,30,https://images.offerup.com/Jp9msJ2Bo1VgyD-MWdCHls1pX94=/300x533/d63c/d63c70856a194421919933ef2ffb6466.jpg,/item/detail/374253366/,ROXBURY CROSSING, MA
Watch,10,https://images.offerup.com/X2LcTUXsfTCdkJg8VJd8doO2gW0=/300x168/9543/9543bf1996cf4a2fbf4a615e4052028a.jpg,/item/detail/375904498/,ROXBURY CROSSING, MA
Barack Obama,100,https://images.offerup.com/6g5sVsOrL_ySwETvbaBEVRKDygg=/300x533/40b6/40b62ef7fd5446c599a9f290852782fe.jpg,/item/detail/379246212/,ROXBURY CROSSING, MA
Lamp,20,https://images.offerup.com/VF3unppzlPNcbRURMBN7qRpipFM=/300x533/2360/23605330bc474b5ea5b8db8258a641ac.jpg,/item/detail/382522149/,ROXBURY CROSSING, MA
PlayStation one no games,30,https://images.offerup.com/TEIckl_gwNBnOhMdQZ5qjTcBHGI=/300x533/6629/66292b83323a47bdb4594f4da47bbe3d.jpg,/item/detail/383670148/,ROXBURY CROSSING, MA
FiT BiT: CHARGE 2,130,https://images.offerup.com/tzkxadiXNJyS_3Qzqr4WromXL18=/300x533/c58e/c58e418680ce4c6fa3ec4eac43ffd53e.jpg,/item/detail/556008958/,Medford, MA
iPad Air 32GB Silver with LTE cellu...,170,https://images.offerup.com/_55qyGHReTKbSs5OGSzyh3pzyhA=/300x400/31a1/31a1a5f15fc841ef83543048bc2ca771.jpg,/item/detail/556233275/,Belmont, MA
Akg noise cancelling headphones,110,https://images.offerup.com/jXKDpjnAWE6T4RcokKZVLZyeMFs=/300x533/82c8/82c8e36d57b046abba6f163cc4bca474.jpg,/item/detail/556121163/,Boston, MA
Tablet,120,https://images.offerup.com/lwWhyJWuXor3qMoq9pYYQ5saHBs=/300x533/b3d7/b3d7b99ff7664dc98db2356685404a4b.jpg,/item/detail/556057887/,Watertown, MA
Samsung Wireless charging Pad (iPho...,30,https://images.offerup.com/-PnyXYFI1KWsDRuqdsoVsShVYps=/300x400/cd20/cd20961571a34bfdb645e127fc363a90.jpg,/item/detail/555875954/,Boston, MA
Bluetooth Earbuds With Charging Cas...,40,https://images.offerup.com/R50ti596F0xE4PWqO_H90B18iYI=/300x458/66f3/66f32dc6d76f4cada24fb1a3dad27a99.jpg,/item/detail/555853868/,Brookline, MA
Beats wireless,25,https://images.offerup.com/2udgHfXSn4zBAySybg5zXW8BtP4=/300x533/16e8/16e82700820440aa9355f2d47737ea6d.jpg,/item/detail/555735981/,Boston, MA
Ipod classic,55,https://images.offerup.com/axqwKis_m81Rx_WRq7asBRZfOh8=/300x533/7172/71720772e9094f6286226b2de0e7ea7c.jpg,/item/detail/562447314/,Ogden, UT
Sony headphones,25,https://images.offerup.com/fqnvbavVb9YXalhZu-RNMvGcojU=/300x300/ce7f/ce7f779a4756457aa577185ad23a7fb6.jpg,/item/detail/555669545/,DORCHESTR CTR, MA
PS4PRO GOOD CONDITION,160,https://images.offerup.com/nEhmRQ26uh76wZXNnVvQhdGUdjg=/300x400/e2ad/e2ad614a58b148c7bd54cced8a5d7739.jpg,/item/detail/555625741/,Boston, MA
Ue boom 2 speaker,95,https://images.offerup.com/5uDLyLLgWYa_bhUFJIKnvOFPO0o=/300x533/b83c/b83c8eb283fa4f2fad7e1a7e9f2fe21c.jpg,/item/detail/562448037/,Long Beach, CA
Apple ipad mini 2 Sold with warrant...,160,https://images.offerup.com/nHiUs1gNLUUrFxrm-75LbDC3bNQ=/300x400/2a2a/2a2a875b4801437ca6b9e226cb0d01f0.jpg,/item/detail/555465146/,Cambridge, MA
T6 cânon like new,400,https://images.offerup.com/vo71xLY2ZZzRHyvxjwSUg1SGjCY=/300x400/98e2/98e2c61e5adb40a8bdc42223477d70c1.jpg,/item/detail/555337777/,Boston, MA
UEroll 2 Bluetooth speaker,55,https://images.offerup.com/fsnGykTqMnYkN4dvf1OPmLqF8G8=/300x616/5f0f/5f0f3f470df848849d7cb4f69aaba751.jpg,/item/detail/554707675/,Boston, MA
IPAD PERFECT CONDITION,200,https://images.offerup.com/RYow6mLDdNESq6-xfjZKhifbXCw=/300x400/c142/c142de14b4a34dd08660b7c84095fab1.jpg,/item/detail/555082699/,Boston, MA
Milan Glowatch,50,https://images.offerup.com/VxA1YHZoA8Yh7som3WeKzODXplU=/300x300/c7df/c7df22ec9d434203b7745047866748bf.jpg,/item/detail/554970884/,Boston, MA
Acer Chromebook 15,100,https://images.offerup.com/B8OFroMBhDLk3DLrILr4DrvD8pI=/300x400/9384/93841a53770b4636970260f9c1cc8300.jpg,/item/detail/554961708/,Boston, MA
Apple Watch Series 3 GPS+Cellular 4...,375,https://images.offerup.com/2wDlQJ4KmtL_zcwTvsIvj4bhiMY=/300x441/1f89/1f89a9a8f0ea4b3ca3106df1468339cc.jpg,/item/detail/554922859/,Boston, MA
Projector,30,https://images.offerup.com/oyHQIEAQQzSBEOoSx7xSF0YcQAA=/300x168/4ddb/4ddbfe31b090413cad4b5d81a340a8cf.jpg,/item/detail/554820776/,Boston, MA
Snapchat spectacles,100,https://images.offerup.com/hFCxntPtunn2b4NQFRjUmrZsi2A=/300x533/d2bc/d2bce256597348f098952fc848b6ab18.jpg,/item/detail/554785979/,Boston, MA
Rare iOS 7  iPad mini 2 32GB 7.9in ...,150,https://images.offerup.com/-aGbx69Qnl025NS-Qq-A3NydJ7s=/300x400/0617/06174dbfcaa0438c87d75994835aba8b.jpg,/item/detail/554393839/,Medford, MA
Samsung tablet,200,https://images.offerup.com/M7hpHNvvOZ_oGh28OlOznKkwyc0=/300x168/91c7/91c7dde502da474ebf69f69993972b42.jpg,/item/detail/562428946/,Fountain Valley, CA
Hp laptop,75,https://images.offerup.com/vO7e5_04ufuE656zxeSSvZqTg38=/300x400/6683/668337735f2448d3b3b1839bc07a8883.jpg,/item/detail/554340391/,Boston, MA
Kindle Fire,100,https://images.offerup.com/QPJ3M3a-vcsJmOJDvB57k0ePUDs=/300x432/bcf7/bcf71b20477d49239433ea6fff92483e.jpg,/item/detail/554180569/,Everett, MA
Wireless,50,https://images.offerup.com/qe9bEPaN3BXvcL0uQ9y4DkAUH0E=/300x400/b2ab/b2ab0455e7b1416eba4268cc75f6f788.jpg,/item/detail/554047394/,Somerville, MA
WIRELESS BLUETOOTH EAR PIECE**,20,https://images.offerup.com/nD8jMZIlCBbPreChPeG0gDS5bd4=/300x300/389a/389aad877d574c848689674577de9b35.jpg,/item/detail/562456034/,Huntington Park, CA
Smart watch,70,https://images.offerup.com/FD_hHtaKqa34M8ooyYoAIaz_uhM=/300x225/04fd/04fdf0a2cc1b406787e1ba623d41f213.jpg,/item/detail/553896846/,Medford, MA
Asus ZenWatch 3,100,https://images.offerup.com/ZU-B2nHHbuENWdllLQDEXbXW2uA=/300x616/4cdc/4cdcaa16e55341d6875c2b6f78ca25cc.jpg,/item/detail/553828210/,Boston, MA
iPhone 6s,240,https://images.offerup.com/66TsWDAEGkDYeJ_6BUFROP-kxoA=/300x390/0f1a/0f1aa38dff5e4c8fa9bba2af7426a6e0.jpg,/item/detail/553757384/,Boston, MA
Garmin navigation with mount and ch...,50,https://images.offerup.com/Fb7GFuFKilN2TvbwSNSLHMGt8wc=/300x400/d3cb/d3cb9b063668447f8fc2c5c6b1c91405.jpg,/item/detail/553716859/,Boston, MA
Fit bit,70,https://images.offerup.com/hKhSW5WiISpSbVJHt0q-i2yuhJY=/300x276/b045/b045048f6b1647a1b4ff6a3c15c34ef7.jpg,/item/detail/553515686/,Boston, MA
Factory unlocked iPad mini 1st gen ...,140,https://images.offerup.com/Oov0W0XCbiVDoslbFWq2VFlnaKU=/300x400/60e8/60e8645b2cc04b639d2c393cad10e032.jpg,/item/detail/553490196/,Everett, MA
Tabeo tablet good for ages 4-6,60,https://images.offerup.com/tZOWLqv_mCVgK92TSyNkWeWCeb4=/300x168/0664/0664e1b7e92345e5b9dcadea72af6c48.jpg,/item/detail/553433403/,Arlington, MA
Roku HD,30,https://images.offerup.com/a68il3iVuy9eyIAiDkWAwbfpgDk=/300x225/53f0/53f092afa2d647eebd6881622f8ca5e8.jpg,/item/detail/553383188/,Newton, MA
Apple Watch Series 2 | 42mm Rose Go...,180,https://images.offerup.com/w4hEuBDu9L4bHmwBOimcxmnQofw=/300x225/c466/c466c0842c924fcd95ed6c2dc67507e2.jpg,/item/detail/553378126/,Boston, MA
Echo Dot,35,https://images.offerup.com/1ktyVPVh_VWoikcZ1XUXvGwoqUw=/300x533/1e3e/1e3e264143c94f61a888f437f4a75fe9.jpg,/item/detail/553358103/,Boston, MA
Samsung tablet,30,https://images.offerup.com/e4KSr-Q2S5t8G32KxsZSPlmXso4=/300x533/231e/231e1de8570b4cbabe524e8408b6f2ca.jpg,/item/detail/552966290/,Winter Hill, MA
Beatsx,150,https://images.offerup.com/HyQO1Pg1m348UTtp4OWVkOGxEUc=/300x486/9c89/9c8941cb27154234a4656f9395db8e0f.jpg,/item/detail/552937059/,Chelsea, MA
Wireless Bluetooth Earbuds,25,https://images.offerup.com/3Ux4vBDmBXAtJEjF7MGD4FIfbm0=/300x533/116f/116f8f8e3c7f4c40bca142474d2f6b63.jpg,/item/detail/562406028/,Oklahoma City, OK
Beats X grey. Sealed pack for sale.,100,https://images.offerup.com/sdkrnVvHT2MJANeQVdJb6F7i_j0=/300x300/5966/596635cfc2a14b7680397996e4f17a7b.jpg,/item/detail/552684338/,Cambridge, MA
WiFi plug,10,https://images.offerup.com/3uEB_IY90nRGpSFBe8D4eV2bL7o=/300x225/5c70/5c70d6be733a44e69186aad74d301ba0.jpg,/item/detail/552525867/,Everett, MA
Beats,60,https://images.offerup.com/11sD7eXk5zNEZ6u5a0NZncnLbtc=/300x400/e4e7/e4e77660a6d24bcf9bdf19199a697537.jpg,/item/detail/552485962/,Boston, MA
Power beats,60,https://images.offerup.com/tv1jBVLVMP6Jqyxc_bP-Hf0VX7Q=/300x400/cd03/cd034c5478c644a186b7278b17cc59c2.jpg,/item/detail/552485417/,Boston, MA
WiFi thermostat ! Never used,50,https://images.offerup.com/oY1Z-oijtXmctXA5SGZQa2nMYC4=/300x400/edcd/edcd83dd115f4c64a8cb9fc6460864a6.jpg,/item/detail/552393576/,Boston, MA
System good condition loud,700,https://images.offerup.com/8cRNfb6D1fT_RKTayi5wMuyuGHY=/300x533/f404/f4045b622f0c4c449d5297abd54b50e6.jpg,/item/detail/552391458/,Boston, MA
Echo dot,50,https://images.offerup.com/S8oII_eF9rf4-XHyKGpgRqTsTko=/300x533/4a39/4a39982ff29841a2959d4124ffd7bcb0.jpg,/item/detail/551818324/,Watertown, MA
Apple iPad 3rd gen. 32GB 9.7in whit...,120,https://images.offerup.com/WJAWfPRuH5_qlztg4sbAfdgxcFA=/300x225/6e15/6e1545b824a54339883a10df730698a2.jpg,/item/detail/552261458/,Medford, MA
Sony sound bar BT,110,https://images.offerup.com/DIJinYEoWUNsYLJkKMtb4K_DKyo=/300x533/1083/1083dd0d948f41ebb183477cb7a1939b.jpg,/item/detail/552140860/,Boston, MA
Mid 2014 MacBook Pro *PICK UP ONLY*,750,https://images.offerup.com/ARd7NZdr0lUbsS-DfxcwfADzbhM=/300x225/edb0/edb030bfe9be4e0cb84b94d0301c4d6f.jpg,/item/detail/552095715/,Boston, MA
Fan,15,https://images.offerup.com/cM-1JHxHpdPRROOeApEviRpSlgE=/300x400/4c12/4c12c1b63743455ead5cefbe4d7fd12d.jpg,/item/detail/551985974/,Brookline, MA
PlayStation 4,200,https://images.offerup.com/RVqmNI4ms18c2xHYa5MhOq2_1HA=/300x533/8143/8143839192ca426cb03ddc9998c9f29b.jpg,/item/detail/551939601/,Boston, MA
Mini IPAD,105,https://images.offerup.com/e6dsIFE_Ar7aop1y0V7EL3BbZXQ=/300x485/7a98/7a9831694ae74648a179eb5ef2976a1f.jpg,/item/detail/551794997/,Cambridge, MA
Dual doble din,100,https://images.offerup.com/prPcXpvfYJkBfnaU61Ix6L2Iqv4=/300x533/8c41/8c41a61a412a4a36ac6f3d8727265145.jpg,/item/detail/551523978/,Boston, MA
Technical receiver 120wx4 av contro...,100,https://images.offerup.com/TBxsVWa-xZNKT-7rfVnQexgaVWw=/300x533/0eae/0eaec78a7036464f94298c22adf7d55a.jpg,/item/detail/551452504/,Cambridge, MA
Beats Studio 2.0 Blue,180,https://images.offerup.com/Yr7cJ4AI2eCwBXvZ-dmNv40lQHE=/300x533/aa4d/aa4d4857544443f89f30b0b8e614b8bc.jpg,/item/detail/551420467/,Chicago, IL
Laptop acer good fest.,200,https://images.offerup.com/O8MGB3QRGqxk8e8uW67xxtkl5SI=/300x400/37de/37deb52e59244fff891755a7d9979c87.jpg,/item/detail/551261823/,Winter Hill, MA
IPOD Nano 16 gb Blue,100,https://images.offerup.com/O5cVAQufSbPEB-z5ZvS-fHb0f9g=/300x400/f0b0/f0b0977b11d14be4a5385225e8771c89.jpg,/item/detail/551240835/,Boston, MA
Sony Stereo,100,https://images.offerup.com/ag2B_qK2fOraPZeidW7YaT_f9d0=/300x225/95d0/95d03f8f588c480a8fd234a57d931f34.jpg,/item/detail/551098539/,Boston, MA
Room heater slightly used once inst...,80,https://images.offerup.com/k_xL367PzRD_c-CZyvyJNmojjv8=/300x533/252b/252b4298bbab486482ae5bbc2bfb4c13.jpg,/item/detail/550985155/,Boston, MA
Jawbone ERA Bluetooth Headset,25,https://images.offerup.com/eGa0tWGEWERJEJM8YxJhst1sPgY=/300x533/bd61/bd618b9d99f0401393c8fe13755f8eaf.jpg,/item/detail/550930036/,Revere, MA
LG sound bar with wireless subwoofe...,200,https://images.offerup.com/bHxfV5abGna38LEcMPJked0HGtI=/300x505/4dd4/4dd456bf6b9e4306bd335c96791d3aa7.jpg,/item/detail/562407579/,Mesa, AZ
XBOX ONE,120,https://images.offerup.com/zQgxky0hYiDG7eFwhX8OuYblUxo=/300x400/bdd3/bdd3df28f6874583acb39be620beb258.jpg,/item/detail/550733218/,Brookline, MA
Beats solo 3 like new Green,150,https://images.offerup.com/8N3g4CZKfFsD6_JNBYPTtZ6AZJU=/300x533/aea6/aea6929aea3d4a878695b76a31036067.jpg,/item/detail/550579815/,Boston, MA
ipad mini,200,https://images.offerup.com/7yBE4Yi5zawnH4OGPxqjF1LNCZY=/300x400/ac82/ac8298a788744d12aabd4d82851012f5.jpg,/item/detail/550463791/,Cambridge, MA
Kindle Paperwhite with Purple Leather ,50,https://images.offerup.com/RkDXuoBd0UoxlOz7ONBttTi9ONY=/300x400/6f16/6f16737903ce4f4e89b68c122edcab9f.jpg,/item/detail/550357700/,Boston, MA
2018 Brand New Sealed Beats Solo 3,220,https://images.offerup.com/9mgn0mLo1LFrm1DscfhtCEB2Zzw=/300x400/f6ea/f6ea2a4a52ec49518cc47758e8d3f650.jpg,/item/detail/543721242/,Watertown, MA
Apple watch series 3 Gps+Cellular,350,https://images.offerup.com/MZO0L82K0ZZIrIZg0NBjCpCqFNs=/300x486/55d0/55d0fe1b2cb349309a5a5fac5f5617ef.jpg,/item/detail/550262473/,Boston, MA
Viper alarm,50,https://images.offerup.com/n3vi7Uo50bAtcGYdxXmht_u1QRI=/300x225/9938/9938bf6fe98440f3958ea5ddd8b0b49c.jpg,/item/detail/550132608/,Boston, MA
Apple stuff,50,https://images.offerup.com/zPMetlG_EyVPbNdV6g5GrVl2AKA=/300x400/dfab/dfab0a20892f421eb8da221d9d084524.jpg,/item/detail/550130877/,Boston, MA
Jaybird Wireless Headphones X3,100,https://images.offerup.com/-Roc8ZWP2zzwwYs1lEI3_C7T_SM=/300x400/3766/3766e7225c4d4b058270eadfec4f2de3.jpg,/item/detail/550110968/,Boston, MA
TI-83 plus calculator,45,https://images.offerup.com/4H9i3YdAda8Iqj0By4K93I-04sU=/300x400/f60c/f60ca6839a77459bbb84c1accdd3930f.jpg,/item/detail/549942621/,Boston, MA
Electronics music radio system,5,https://images.offerup.com/tlTUtkSajqGC_1vDFwASBxL54KM=/300x400/89c9/89c90c389bd444bfad14d0773b2d5a65.jpg,/item/detail/549861763/,Brookline, MA
Ps4 scuff,100,https://images.offerup.com/0KSM6s5qky8leidCmse8BEa6llo=/300x400/b7ce/b7cefc5dde614268ac5e7a03cdd03a8b.jpg,/item/detail/549748581/,Boston, MA
Phone case Otter iPhone case,40,https://images.offerup.com/Vrd7pZrnDgybPeis2VJwFMIMclg=/300x400/a488/a488a9bd8d9b4176891295f051762efa.jpg,/item/detail/562367656/,Moreno Valley, CA
Seiko Diamond Quartz Watch,75,https://images.offerup.com/2gbyUrkp3EpfDJONQPQBshINaBg=/300x400/8948/89483651b2a9404db5afa9f5070a6934.jpg,/item/detail/549557874/,Boston, MA
Anker Portable Power Bank comes w/ ...,160,https://images.offerup.com/ghOZcUBphmAEmCAvuIWON7-T9To=/300x400/3d62/3d6241bf148846fbbd5a13b42c9cbe09.jpg,/item/detail/549403876/,Watertown, MA
Rims,550,https://images.offerup.com/qz3GWkw_BksMpqLo3-Vf4uMAQmU=/300x168/8bd6/8bd60eb429674802b95ecc2248a7806b.jpg,/item/detail/549360876/,Chelsea, MA
Verizon Elipsis 7,185,https://images.offerup.com/91OTRWxihvFxTsfA_XP5ZPWNDR0=/300x400/7e25/7e25db67110d4f3296cc725814a8d6aa.jpg,/item/detail/549345074/,Cambridge, MA
Samsung galaxy tab A6,60,https://images.offerup.com/c7PJCq_PS10P5_1JU3SVahbNX4c=/300x400/1116/111661e3aa9942aaaae130fdb2a0f900.jpg,/item/detail/549322252/,Boston, MA
Beats,150,https://images.offerup.com/XrrQtxJYUMh7zfDcfVPryoi_T_I=/300x400/da7c/da7c3df5849048f589238fc8cd47c53e.jpg,/item/detail/549150487/,Boston, MA
Reebok Sport Watch,60,https://images.offerup.com/IE7Tq3GmE61Mwrl72iOjp6704X8=/300x400/9d5d/9d5d492ded7c4cb6bc243a485ed73139.jpg,/item/detail/549103559/,Boston, MA
Mitsubishi WD3300U LARGE VENUE PROJ...,280,https://images.offerup.com/is0ONnq8STNuoKP8LYj_TWSTx1Q=/300x432/8c0a/8c0a98a522a7403fb4af6035fc868061.jpg,/item/detail/548958946/,Boston, MA
Cananon,450,https://images.offerup.com/TD3Qqcb057dwHIvm1uLq9UbWNZg=/300x533/72ca/72caeff101a3454cb4299aa936c42f1e.jpg,/item/detail/548905818/,Boston, MA
Series 1 Apple Watch,245,https://images.offerup.com/lcWfsHkvAll0m3iqhn7TZVsJcs4=/300x533/ef9c/ef9cccd8abd64e0db233ca18f897e11d.jpg,/item/detail/548794848/,Boston, MA
Bc speaker in good condition fresh ...,20,https://images.offerup.com/M6pQQCe0VXjtHZLFYEDdF4CdRPM=/300x533/b3e1/b3e1abf1c4ea48de8498b978530e9df9.jpg,/item/detail/548632526/,Boston, MA
Google home mini with charger,75,https://images.offerup.com/i_ak1v0HeTIMw3U3i4HNLxrVak0=/300x533/c914/c914a1c7b6c14d02946c120772dc6d30.jpg,/item/detail/548427584/,Boston, MA
Ipad pro,300,https://images.offerup.com/Z3tgatZfr-x3w5esoM8UbM6jJmE=/300x533/8ada/8adaf5b5fda74625affd3e655f03dd7e.jpg,/item/detail/548400319/,Boston, MA
Iris Smart Plug 4-PACK (gen1),15,https://images.offerup.com/aQ4ntJVEEERstBumP0Mio33wVtQ=/300x400/673f/673fb6401f184847b360d0b7807491c9.jpg,/item/detail/548231180/,Milton, MA
Fitbit charge 2,70,https://images.offerup.com/K18UrxXc5YFywpgFdFUc6LGcys0=/300x533/4652/46525121f6654eb7b90a0fd479b467ef.jpg,/item/detail/548139205/,Boston, MA
Excellent iPad Air 1st gen 9.7in 16...,150,https://images.offerup.com/aBAsAV92AzGHdABIcQvsLxeHJ-8=/300x400/a238/a238014928654c219ff17de5cc682bd2.jpg,/item/detail/548071283/,Everett, MA
Sengled Element Touch A19 Smart Lig...,10,https://images.offerup.com/HgJipeDmI97ICfb96bK1ayJfxDs=/300x533/4db7/4db7b7c0995e41749629c34e0565e885.jpg,/item/detail/547939827/,Boston, MA
Beats ep,110,https://images.offerup.com/tKEWMZS6JTCH8kZz0FpR2S6WzNQ=/300x533/d05c/d05c3907e0e94bada85a70488f6c4946.jpg,/item/detail/547813185/,Boston, MA
Alarm clock,5,https://images.offerup.com/zxGv_EI3W2Ms1U7z9YHNb0whTuM=/300x533/d9ea/d9ea2c6bc7bd4a09ba563e9cc4b6651b.jpg,/item/detail/562378796/,Fayetteville, NC
Samsung gear s3 w leather band,240,https://images.offerup.com/ctvmrvkq1SNZGU_WVuCzSPQT9Gs=/300x225/d894/d8943eae546f472d925affaa0375be37.jpg,/item/detail/547751785/,Boston, MA
Asahi Quartz Watch,50,https://images.offerup.com/6TyH5UBx1LzwBRfCVEFPYTQxm5U=/300x400/d3a1/d3a1aa7fbeee4d15a1d71cdf384c1813.jpg,/item/detail/547695441/,Boston, MA
Ladies Quartz Watch,20,https://images.offerup.com/N5fWGrLcPbL4EjFVd7NZkku5EKQ=/300x400/45f6/45f687d7ee0746909008786207c8fcd0.jpg,/item/detail/547647562/,Boston, MA
Nexus 7 32g excellent condition use...,70,https://images.offerup.com/ClpzdVqetxUG_usvwG-RiPQGVFg=/300x192/ccf3/ccf326165e3241b781c3e3b8926e05c5.jpg,/item/detail/547608668/,Everett, MA
Apple iPad pro 64 gb,400,https://images.offerup.com/c-G3FY3Pgc4kx3Q65wwuInlEyI0=/300x400/231f/231f87345f214989a8b3107c62ae1251.jpg,/item/detail/547525737/,Boston, MA
Samsung tablet,90,https://images.offerup.com/KD7gYmAsnS2leWmi2y7NyB_Pz0A=/300x225/83a2/83a2eedb8e254fce97aaace201eddc63.jpg,/item/detail/547371903/,Revere, MA
128GB Micro SDHC Card with adapter ...,25,https://images.offerup.com/UgswKz2mbiIgs2yMl5KmocYVPF0=/300x430/58a0/58a0a2bb4e164b82bd1e255e6e07316e.jpg,/item/detail/547230982/,Boston, MA
Iron,25,https://images.offerup.com/Vld08DvIlxSMKtGRa8gz9vuhjDs=/300x533/9334/933414519505446d80d8e0b6c2298d07.jpg,/item/detail/547063572/,Boston, MA
32 inch,60,https://images.offerup.com/npwv4xuhVtVftxndB8AM-YZznWY=/300x533/174d/174d458370b5445ba689f44d199dab96.jpg,/item/detail/546943316/,Boston, MA
Blue Point EEJP111M Mini Jump Start...,115,https://images.offerup.com/LUsPD3-xu0xs6uP_4VhuxEwhuqw=/300x225/96d8/96d87a22faed4358b24cf0ce8210332e.jpg,/item/detail/562365710/,Coral Springs, FL
iPad 2 16GB White Wi-Fi Only,180,https://images.offerup.com/Lsxy6QSnefks2HUo-KxQs_jMQKU=/300x359/7ce1/7ce1dba8c8984b2b8acbe86468795c9c.jpg,/item/detail/546764354/,Everett, MA
Tile trackers,25,https://images.offerup.com/mCORO2HRP6BmWJp3vVXy8P5prok=/300x400/4381/4381d11727a441af81c2eb90930fe9fc.jpg,/item/detail/546646779/,Chelsea, MA
Samsung Gear Fit 2 Pro smartwatch,90,https://images.offerup.com/rna7oxF3QUdsL2mMS1QWbeKJZj8=/300x400/27d6/27d6ed4d6f7d4ab5b7c711f9013879a1.jpg,/item/detail/546530751/,Winter Hill, MA
Apple Watch Series 3 GPS+ Cellular,295,https://images.offerup.com/dO7zW2K5BooSRrhHJCHz91zS1qg=/300x400/79b5/79b5f4a888bd444fa10a6248bdbfebfa.jpg,/item/detail/546505634/,Boston, MA
iPhone 6s Plus,400,https://images.offerup.com/El86E-iG9ZeU3Z_x-eCj8-THs5s=/300x255/5a3c/5a3c22426f874b849f70705a1e276216.jpg,/item/detail/546378477/,Boston, MA
Wireless charger for car,45,https://images.offerup.com/tJ_ovodVdJ6YqXnWw7unkLLkiLY=/300x533/50d7/50d7afdd91b34396bb1b19fb092f06ac.jpg,/item/detail/546287788/,Belmont, MA
Radio cd,80,https://images.offerup.com/_AjNIi72sfFuAU7aSScLWF0565k=/300x168/18a7/18a7c30da66a496a8fa8ff6cbc88bb36.jpg,/item/detail/562326817/,Fort Lauderdale, FL
Zuma signal light cover,20,https://images.offerup.com/VvzIq9d-OxDcDdvpdc2SH2huWL4=/300x168/6bf1/6bf1b9e1c6194fd09c1401dcc5654ebf.jpg,/item/detail/546184838/,Chelsea, MA
Roku3,60,https://images.offerup.com/PbYtorqYfI3YeTo2BLxIeZzw4Dg=/300x400/0892/0892a25f163b434cb906a0cced317fed.jpg,/item/detail/546148858/,DORCHESTR CTR, MA
APPLE WATCH SERIES 3 42MM,250,https://images.offerup.com/6nUoF6IyU5yCRy1OZ9t2gqTLGTw=/300x225/1681/1681e208e5854d52b6e07b3daa66fbd5.jpg,/item/detail/546142953/,Boston, MA
iPad mini,120,https://images.offerup.com/5RFaSWNC_5YrT347XXmhDo0j9sA=/300x400/5824/5824ce7904fb4d41b076cb782a233139.jpg,/item/detail/546126263/,Everett, MA
2-15 INCHS PRO STUDIO SPEAKERS SONY...,265,https://images.offerup.com/SdMC8OxTKtWyYx-7rfHzyTzN-hI=/300x533/9def/9deffea125f34b9c85972d44e995701b.jpg,/item/detail/545997121/,Chelsea, MA
Cutter & buck travel alarm clock ne...,20,https://images.offerup.com/Z6Bb34b_ZjISGu1wukg4n5JXMiQ=/300x591/bc37/bc370e84a1164b86949ccfdb626c9f8f.jpg,/item/detail/545932448/,Everett, MA
Brand New AirPods..,110,https://images.offerup.com/x_YU2vElvlz7DstBPdQo85boNnI=/300x400/f2bb/f2bbbce60bd644c1978fd93ae47808e9.jpg,/item/detail/545730504/,Boston, MA
SOL REPUBLIC HEADPHONES,20,https://images.offerup.com/TqSrdECSrfjCgc0lgc5Wr1Ot0s0=/300x441/a30a/a30a0f5053414af4b4b7d4ccc4c397a9.jpg,/item/detail/545507127/,Boston, MA
TI-83 Plus Graphing Calculator,45,https://images.offerup.com/3oY4EG8PloNvX4dQZgM5visz-g4=/300x400/04c5/04c5ea4ddbd34e8aad370a7f349d6d17.jpg,/item/detail/562331503/,Miami, FL
SALE ! Sony AS7 MRK I Bundle DEAL,2750,https://images.offerup.com/dtbFxvbMz_O7UixAJFzT28qgNoM=/300x400/027a/027a4556a077463593a282370d04ffc6.jpg,/item/detail/545176760/,Boston, MA
iPad Air 2 128G,300,https://images.offerup.com/pzMWwSQvMKUP89R61RZSbckASGM=/300x225/f902/f9023d88bd94470885683b5dc4cf4499.jpg,/item/detail/545054587/,Newton, MA
Apple Watch 3. 38mm,200,https://images.offerup.com/Z3WIHCeW21ub8BVLNRMzrjEZS7k=/300x400/a54c/a54c2a5b95794bc1b311cd39ac31b323.jpg,/item/detail/544930199/,Boston, MA
Wireless beats headphones,100,https://images.offerup.com/Hqbah-79S67R5j5Mp2avmxsjn2Q=/300x533/41e0/41e06ffd326745ae9afea9682a13bbc6.jpg,/item/detail/544690577/,Boston, MA
ADATA Power bank,20,https://images.offerup.com/qRM9pcvFZjl-VoTafDhC9q2IaM8=/300x400/650c/650c0266513242d397de432e1863bb1f.jpg,/item/detail/544389944/,Boston, MA
Brand new AirPods,100,https://images.offerup.com/Oyq3vj2KpISXCADGXjSDLbCBByw=/300x225/b38a/b38add287e4046ed97b3c0cece849f97.jpg,/item/detail/544310879/,Boston, MA
Guess belt mens,140,https://images.offerup.com/e7mXeVunU-cr8VmiaZkZxxfW4Ig=/300x400/5c75/5c7552bb468e4360ba507e89fe01f7cf.jpg,/item/detail/544245263/,Boston, MA
Instax mini 9,68,https://images.offerup.com/I0BEsNU1bRJYIARyGyzUCTCu8YE=/300x533/1509/150906d4d3f341bb9b963f4a170d3e35.jpg,/item/detail/543922724/,Chelsea, MA
Beats Solo 3 wireless headphones br...,199,https://images.offerup.com/I6fifUgdsqI5SUacsSMP8CBfKGs=/300x322/135a/135a0b4ca57246d2be678f5ba0d7e16b.jpg,/item/detail/543400103/,Cambridge, MA
Home theater system,400,https://images.offerup.com/1M6CONp0amP42MKxs9Kh2bkFcH8=/300x400/1696/169669ab56134a26abeb3ef171410329.jpg,/item/detail/543879642/,Boston, MA
DVD player PHILIPS,20,https://images.offerup.com/Pxeuv8Im6WpN0AZZVo-b14mVx-Y=/300x225/1de3/1de3208776fd426191cd1e6e5e08cffe.jpg,/item/detail/543793657/,Boston, MA
Fridge and dishwasher for sale,120,https://images.offerup.com/594sIvCYuJUeFn0Cyr0Lx9bJvA0=/300x533/dc6b/dc6b6957ed2a4268932f6766e5c3ada1.jpg,/item/detail/543758818/,Cambridge, MA
Cam recorder,175,https://images.offerup.com/DhtAGmYiNf3lKFV9ME-PnBagbyI=/300x234/6554/6554700529144792849410d8f4835f58.jpg,/item/detail/543527458/,Everett, MA
Fitbit,70,https://images.offerup.com/2c0h54kuLwQs6WUIKpM0B5Ydddo=/300x432/47cf/47cf68b09a9b403595a8ff2bc461c739.jpg,/item/detail/543464278/,Boston, MA
Fitbit blaze,70,https://images.offerup.com/EIwfr5VMeJsx5MdYOgzCn0suyyw=/300x486/97ba/97ba4c89479f4b048401857586bb4087.jpg,/item/detail/562325599/,Orange Park, FL
Electronit,600,https://images.offerup.com/zOpIkEFNAkAfoQabVWnomaQd1ZA=/300x441/0c38/0c38bb93eaf540958c286d7b81296a16.jpg,/item/detail/543173945/,Boston, MA
Xbox ONE S,200,https://images.offerup.com/fG2OM6R_H8XFnjcGbyB8EMK6JVM=/300x533/3811/3811838ae608415fa9087805d18b133f.jpg,/item/detail/543065321/,Boston, MA
My passport hard drive 4tb,60,https://images.offerup.com/WCRZGvyr3JMrFUUPmIfo3rNPc3Q=/300x400/ee65/ee656a0ab303413288f6eddf62353b9c.jpg,/item/detail/543027608/,Boston, MA
Studio beats,180,https://images.offerup.com/Wt874FQd3RMZiaDUjfu_mpdjtsI=/300x533/f99b/f99b94010b424777b7a86596852c900d.jpg,/item/detail/542955037/,Boston, MA
Sold,200,https://images.offerup.com/mCy-Rxb8BkKpktlkKqgddSCtfyo=/300x432/f155/f1559996ebce43ac9d4910f349e2e42f.jpg,/item/detail/542597942/,Boston, MA
2 I pod 8gb,50,https://images.offerup.com/MTlQwhl-h0SHR_rAv-a2YH2sBbk=/300x400/15d4/15d470511b304ca88ed48a4dcd3e7a24.jpg,/item/detail/541920179/,Boston, MA
Bose 201 series IV and Acoustass 5 ...,150,https://images.offerup.com/al2EOYoyY6C4yrauVTULMTWxe20=/300x168/5e8f/5e8f96bb6cf04a5988f6352daa17e2a8.jpg,/item/detail/542431955/,Boston, MA
7 plus+ 380$,380,https://images.offerup.com/MDRCK9RaZyzODKhxiPrnnrHdk5A=/300x400/4011/4011aad1b02049cd9505ec40d6ddb928.jpg,/item/detail/542122593/,Boston, MA
Boss system,100,https://images.offerup.com/loCDisaYCnJ6pJahl_LEHrxiQhc=/300x533/75ac/75ac44d041b24228a0d5b0729408e153.jpg,/item/detail/542094178/,Arlington, MA
PlayStation 3,65,https://images.offerup.com/i41aEgLo12eh8MmypipzaZ7-kgQ=/300x400/772f/772f9ff048854938bc504b96f3a62c0d.jpg,/item/detail/542007374/,Cambridge, MA
Nike Foamposite,110,https://images.offerup.com/CemXyq5CH8csZrV-4bNopCukzls=/300x225/5769/5769fafca4b24aefa259c0f8aa91b3a6.jpg,/item/detail/541634489/,Cambridge, MA
2x8 hdmi splitter,30,https://images.offerup.com/tyJVMwbx4swRVLlG5yTiEw1CNPM=/300x240/725d/725d8635f981402f830e18a62e6720e4.jpg,/item/detail/541931374/,Boston, MA
GoPro hero 3 w/case,100,https://images.offerup.com/loLqA7yIBcNrWIOtRu09abh5V7I=/300x400/547c/547c8f0db2674197b7d9af0bac3a2cf8.jpg,/item/detail/541851833/,Everett, MA
Weatherproof IR infrared security c...,10,https://images.offerup.com/xwn96MACDlJdoOmYJKFEzKs7Csw=/300x132/7d72/7d728ae8c9c341f68138948d11154fb2.jpg,/item/detail/562295993/,Fort Lauderdale, FL
Samsung Gear VR,25,https://images.offerup.com/3n6suigQFO9kE4xC6SsD0sp-Fi0=/300x225/b1d1/b1d115888e9d4431a2c9629d98ad5e84.jpg,/item/detail/541603792/,Arlington, MA
Beats by Dr. Dre - Beats Solo3 Wire...,250,https://images.offerup.com/ybBKDEkpjPnvXvU84wAKlwXZtNQ=/300x428/2298/2298992f68474423a1cb4d6ed0b88798.jpg,/item/detail/541508156/,Boston, MA
Iron,22,https://images.offerup.com/CDq74itkW7V7lc1wUzYU1Wt44E4=/300x400/5362/5362f5cbe4bf47e99e93300be5148ae6.jpg,/item/detail/541449955/,Belmont, MA
⭐️⭐️Like new iPad Air 1st Gen 16GB ...,128,https://images.offerup.com/vzvKFVkLWeR_HC4HyZG047xaLBc=/300x400/67aa/67aa4ee775d5406298274e6b823b7652.jpg,/item/detail/541367418/,Newton, MA
Fire HD 10 & nuvision tablet w/wind...,150,https://images.offerup.com/LGof8_VrGKQUUWCCOhy-WX1dvYk=/300x400/2bee/2beea2c5238146109cc181b8a2118095.jpg,/item/detail/541228719/,Boston, MA
iPad with Retina Display,170,https://images.offerup.com/jvkaAPHq_TaEmA430Sa3mLAIirA=/300x400/4e9f/4e9f15f773374641be8cbd8037687b85.jpg,/item/detail/540911653/,Cambridge, MA
Denon Receiver,75,https://images.offerup.com/cc_Ota8CDTpowHwiuxj00uGyWbk=/300x225/e4e8/e4e874b11f444f3ea528da257a53fc0d.jpg,/item/detail/540795076/,Boston, MA
Retractable mouse,4,https://images.offerup.com/YYIWwX6cKPv60wK3kf8hMa1llSI=/300x432/56a6/56a600bdb86a48548ceb22b96e41822c.jpg,/item/detail/540770153/,Boston, MA
Phillips Portable Speaker,30,https://images.offerup.com/wqTuE0YjqGWaIgQcXsAwxhBPR54=/300x400/8277/82778238717f4b02ad897b9f156ec745.jpg,/item/detail/540710439/,Brookline, MA
Apple MacBook Pro 13inch (Touch Bar...,1350,https://images.offerup.com/Pyw5inZGJ7-PdZqkxOoYnvd1Hzg=/300x400/a9c0/a9c0bd6541ca4939b49a8f358b559291.jpg,/item/detail/540590203/,Boston, MA
Wii console (I have two),25,https://images.offerup.com/Bbap2RulWc6rqlunC32JjUeN-30=/300x280/3cf6/3cf608c7a35f4784990dd596ca890335.jpg,/item/detail/540489242/,Everett, MA
iPad Air 2,275,https://images.offerup.com/fsgkS3Tzv8xEIbPpRXcdfnIyb5c=/300x342/f529/f5291cd2cb574b87a0a8952b2eeabadd.jpg,/item/detail/539989238/,Newton, MA
Asus chrome bit,80,https://images.offerup.com/71OgeZuk0Ox3dgGWG5HHOaOzf04=/300x533/f935/f9358c6f5ef7412eb29fd38744adfe2c.jpg,/item/detail/540350082/,Boston, MA
Black and gold wireless headphones,35,https://images.offerup.com/RBXHmYwSc8x-KDp5I8uiH-w44xI=/300x533/ece8/ece83d6521a84f7fa5527945c10ef13d.jpg,/item/detail/540110274/,Cambridge, MA
Philips hue light A19 600 lumens,25,https://images.offerup.com/6iBFNMUASBmuDNliRc_KwowhPHg=/300x400/dbcb/dbcbddd0ccb6488484ac3165be5dc90b.jpg,/item/detail/540059565/,Allston, MA
Radar detector new in box,10,https://images.offerup.com/HffweD_R0ZdQ2zNlCod6-T2J0w0=/300x400/9e25/9e2584e894704d03a458ac9f1ed79448.jpg,/item/detail/358513611/,Everett, MA
Dell 27 monitor P2715Q,350,https://images.offerup.com/DvyNq3KZ7R0YHr_Cpxw9KdM2hWI=/300x225/33bb/33bbe7bf5e8f44a0992a64822fe3e3d2.jpg,/item/detail/539970205/,Mattapan, MA
Verizon jetpack,15,https://images.offerup.com/FLOycI9UHdJIv_URdEClIIBsBQQ=/300x533/4645/46456cf8f8cb4f47a5d63430c06715ac.jpg,/item/detail/539830695/,Quincy, MA
Evolve Plus,20,https://images.offerup.com/xZZd56maVNAPOE1-fR9bhcs3FeY=/300x400/54e8/54e8c85bec734604be5d52da50dcd9e3.jpg,/item/detail/539606659/,Medford, MA
Kindle fire 7 unopened brand new,25,https://images.offerup.com/SD3eGUaHi8lTVxzcux_EkCErfo4=/300x533/25e4/25e4e21d7bdd4b91862eb720278069c5.jpg,/item/detail/539594560/,Boston, MA
Dell laptop,200,https://images.offerup.com/762gTN-sdTnDDDZRAv6tDLrGUQg=/300x225/aabf/aabf24d8bc8645fe866a3352e582c291.jpg,/item/detail/539500695/,Boston, MA
Bundle,45,https://images.offerup.com/D0sLeIVZe-afZSO_GB9KHZT-zsU=/300x432/ad4c/ad4c69ee06194e638a24b3b3fb7acf69.jpg,/item/detail/539347340/,Cambridge, MA
Lime green and blue beats,200,https://images.offerup.com/sLzTmS8FyEqroUNm0IoqhhSmC3s=/300x533/5355/53554d28ce92447b8d2f0a4a90de18d7.jpg,/item/detail/539187286/,Boston, MA
Amazon fire tablet 8,45,https://images.offerup.com/MDB0USXwicm534WznbAokZaahFk=/300x225/1bb2/1bb29d9a694e40a09a90e75379551ec2.jpg,/item/detail/539007164/,Medford, MA
Fitbit,50,https://images.offerup.com/lrpHbamjWFh6fYdlrxshqIH2fJU=/300x432/295e/295e10eeb53e4f52b956f83048723b30.jpg,/item/detail/538976424/,Belmont, MA
Apple iPad 2nd gen 64gb black cellu...,120,https://images.offerup.com/k39-XD2Gr53_SOg0ON0dUrvUgdo=/300x224/4293/4293e7d54f4e4ee2a0b403533973c9f6.jpg,/item/detail/538845811/,Everett, MA
Universal phone stand,8,https://images.offerup.com/tTr6tKar5MxFMhTi9c2QB2Ip6uA=/300x616/ed02/ed0261de283645fd912605c90312d207.jpg,/item/detail/538737419/,Brookline, MA
BRAND NEW XBOX 360,80,https://images.offerup.com/gXItVwmeIW0WeqYjyyABZEB6tgU=/300x500/7b60/7b601ccddb084c50b5af456799ee9afe.jpg,/item/detail/538730583/,Chelsea, MA
Nintendo 3DS w/pokemon omega ruby,80,https://images.offerup.com/PNXKxzXv59rRlhbKPHJE6xhWXa0=/300x432/8e42/8e42dcfbdd8145e28592c504935d1a88.jpg,/item/detail/538613640/,Everett, MA
Wireless charger pad,30,https://images.offerup.com/ztizkmtiQbeR5QIVANNyPvcAnN8=/300x331/2687/268757ccbe44467b90a04a2aa656a2ba.jpg,/item/detail/537781539/,Medford, MA
Side Walk SALE,0.05,https://images.offerup.com/6VfK1Dcz2J4VfYK34lJCobZIoUI=/300x168/bf5e/bf5e56842353450594bc51b018fbf369.jpg,/item/detail/538435491/,Somerville, MA
Brydge iPad Pro 10.5 Keyboard,100,https://images.offerup.com/6R-DUXLKUKLAlRZg2OHVRQ-n1pE=/300x400/9b14/9b14c39b5a4d47e3a57a666817d6e35c.jpg,/item/detail/538424374/,Watertown, MA
Never use is good good condition,130,https://images.offerup.com/Fasg06FiZQ_d-Jhwvn_GgHOQ_jM=/300x400/2887/2887c24ad3694f77b71d7c899988f53c.jpg,/item/detail/538371883/,Boston, MA
AUXILIARY CABLE UNOPENED NEVER USED,5,https://images.offerup.com/k2idt2YcpXXFXX_OjzZ1MB0hCm0=/300x400/f421/f4216a1de1f24dcb9a89e6ee850e5cba.jpg,/item/detail/538316116/,Chelsea, MA
UNOPENED CAR CHARGER,4,https://images.offerup.com/Nvf7oRFlfGI2SAngXSpIyK6s4Kw=/300x400/623e/623e9c7c0ca44e68a7e0c777dd4c5d56.jpg,/item/detail/538312881/,Revere, MA
DJI Mavic Pro WARRANTY BUNDLE (3 ca...,925,https://images.offerup.com/qihCfvLfZpjsXcDe9hifxLjpTiI=/300x200/d162/d1624a5c10734cb481bbc444a2a4e671.jpg,/item/detail/538196614/,Belmont, MA
Audio Pipe speakers 250ww powerr,55,https://images.offerup.com/vl_DDNTrw58b7drLFaWN_5WoO00=/300x400/731d/731d1d731a54475bb01584ccd66b6bba.jpg,/item/detail/538042912/,Boston, MA
Beats,80,https://images.offerup.com/saOCL0Qz-332Hx3mTcb_WK2rtNo=/300x486/b407/b4075e3f3b2e4e8d898193511d52733c.jpg,/item/detail/537974066/,Chelsea, MA
iPhone 6 unlocked,225,https://images.offerup.com/jB3VkjUaEofwWE5yWQCXSjFkkU8=/300x400/0a72/0a72473bb82640e6b56718133e0ecb2a.jpg,/item/detail/537877865/,Everett, MA
Cable Tv for $20/month,170,https://images.offerup.com/yoMz-e-aDqyW0Tili98jpmsZhBk=/300x400/6da7/6da7d3d5dad24a6ca1da5c64048e8215.jpg,/item/detail/537779726/,Medford, MA
Swagway,150,https://images.offerup.com/8lSbaz5jjfhEh-ASU0P2Brvf2kA=/300x400/5ac9/5ac9bfdb06ca4d798c479a4ba7614b80.jpg,/item/detail/537489366/,Brookline, MA
Beats Solo 3 Wireless Headphones Ma...,175,https://images.offerup.com/4W_BNVRHVG-a5Hhc7wZJNCN2xiA=/300x300/ad2d/ad2d7f0472d7406d800793c4700c7efd.jpg,/item/detail/411591028/,Boston, MA
Android tablet,60,https://images.offerup.com/1Z1q5iP3EAWd1991fPxq9RakK70=/300x168/7ecd/7ecd2373145f41d089f459edb2517082.jpg,/item/detail/537239982/,Boston, MA
Bluetooth Hands Free Car Kit,15,https://images.offerup.com/MbaeC7m88HS3rZ01V2YnIgEu9fg=/300x400/2b13/2b13d52b47f9408ba4f0b036f7cce52c.jpg,/item/detail/536094126/,Boston, MA
Apple iPad mini 4th gen. 16gb 7.9in...,250,https://images.offerup.com/UYThAynJvmKLHPNbyAeuoyIRY14=/300x225/55ce/55ce2cb56060432bb1c989e351a060cd.jpg,/item/detail/536961839/,Everett, MA
Portable charger,10,https://images.offerup.com/ZxekDzG_ufygfandmynHP2u89sg=/300x400/6895/689566d3fe69404cae63359e045f8928.jpg,/item/detail/536895483/,Boston, MA
iPhone case,10,https://images.offerup.com/FrS56o4yr5OGHT-LCiguTZ1DE0o=/300x400/07c7/07c76fe6d19c4c98bcbe697001d5f9d0.jpg,/item/detail/536885333/,Boston, MA
Sonos Zone Bridge BR100 Wireless W/...,15,https://images.offerup.com/u2sO3V9y7uyT0OCtjiHsHXaawbo=/300x400/67a4/67a45ee55bc54ce1b8bbc2f633d65974.jpg,/item/detail/536858334/,Everett, MA
Wireless Earbuds,20,https://images.offerup.com/uqs5JLmUJTEB0Z7d5_kbOjmt7dI=/300x400/19aa/19aaf9edd1054e6a998ec286f31d7aca.jpg,/item/detail/562267751/,Friendsville, TN
SUBARU car radio Bluetooth USB SUX ...,250,https://images.offerup.com/n89qRDIRU0C3cky8zV_2p8TRb1A=/300x400/b152/b152499855cc480d9ccdfc6a44925f6a.jpg,/item/detail/536687960/,Boston, MA
Securifi Almond 2015 Long Range Tou...,60,https://images.offerup.com/pq6rM942oyFZaSQLaHyeIlqSaYY=/300x400/bc25/bc250d8e5af54847be9dbadaf11f6b69.jpg,/item/detail/536668837/,Everett, MA
IKEA spotlight kit,10,https://images.offerup.com/joJTOQPHaVq9JrLWqgrpagX4qdw=/300x225/bf57/bf57efc9edbb417b991130b9b2fc8292.jpg,/item/detail/562253571/,Claremont, CA
PsPVita,80,https://images.offerup.com/LTv1yRPImBF_UCx99jBrr_LR0FM=/300x533/d7e7/d7e7d45b98d14c4fa12a0e386f1fef69.jpg,/item/detail/536601601/,Boston, MA
05 yamaha zuma ignition coil,10,https://images.offerup.com/8-jvx-dJksYI4-R8vBS9HDxORrI=/300x400/e84b/e84bfbeb6a8d4edbac1ea193da936edf.jpg,/item/detail/369533807/,Chelsea, MA
Under bracket component,50,https://images.offerup.com/hhnGFOZIxytTT0mXWYKGJvF9CVE=/300x400/bb45/bb45d62838aa4b96961a0e998d800b7f.jpg,/item/detail/373061651/,Chelsea, MA
5 channel transmitter,40,https://images.offerup.com/B2Q6w0BhDTeUXxm6Co0LfyyKgko=/300x225/edac/edac6a1764b84762aa2066790abd7b2e.jpg,/item/detail/419099823/,Chelsea, MA
See pictures  Apple iPad mini 1st g...,100,https://images.offerup.com/5RJ4-6X5-h1P4DnmzTs5DGuxSOE=/300x400/ce07/ce0769f95e5048f09eb17fc81dfe9163.jpg,/item/detail/536376119/,Everett, MA
3DR Solo drone smart drone,300,https://images.offerup.com/1LutwK4x1cLjz2eAzCWOgbp4sg0=/300x168/b269/b269c782c7f94267b4c2151f2ad806db.jpg,/item/detail/536101602/,Somerville, MA
Smart watch,150,https://images.offerup.com/yx0nHEv4vVXtXblw8yM5WlM7J50=/300x533/1f6d/1f6d56f7f81341dfa16cf11d14694799.jpg,/item/detail/536009336/,Brighton, MA
apple iPod Touch 5th gen. 16gb of s...,50,https://images.offerup.com/kGR1CuBZoaIg46DBuclPOyuOVAA=/300x300/c311/c311e28039d64e8e9c2181d0e3fec30b.jpg,/item/detail/562246513/,Seattle, WA
GoPro Hero 4,200,https://images.offerup.com/IbhAvfumQdCt7IKcKt8BX8cS8A8=/300x225/bcba/bcba43e0c4bf4f66991a346b992cdc2e.jpg,/item/detail/535353577/,Boston, MA
NINTENDO 3DS,90,https://images.offerup.com/PaYyH-lIqp1fGQ7bvay3Y9M3zDM=/300x413/4cd4/4cd44a9370f24b939ec3a608b82ebee1.jpg,/item/detail/535634576/,Boston, MA
Macbroo,500,https://images.offerup.com/8GHxkAyqLKB2iamc4ui-Lx-YnxY=/300x342/7246/7246030c054546f283999253b6b969db.jpg,/item/detail/535616525/,Boston, MA
Come get it,80,https://images.offerup.com/1AIMnWycDKvy94us3tj-Ne4IVgA=/300x400/25a6/25a6c448d73941748e5e0153fb34f20f.jpg,/item/detail/535557773/,Boston, MA
BREXLINK Fast Power Charger,10.75,https://images.offerup.com/ALM7ISe8O0Wckn7XnkC5_B3Wg5U=/300x168/b218/b2185e7e5eb545a1ba2538fb45d9177e.jpg,/item/detail/535467835/,Boston, MA
300 galaxyhydro 75 or b.0,75,https://images.offerup.com/BOA81NnxPZuTlkFLM-LLmiq_Dd0=/300x400/6666/66668da96c404d56a2a42aafe501be9a.jpg,/item/detail/535400973/,Cambridge, MA
Highgrow 1500w,200,https://images.offerup.com/03NgJSJjOm84ZVgFGDeVwcCB4BE=/300x400/f0c4/f0c4758e048749deb2e393a918ac3459.jpg,/item/detail/535390798/,Somerville, MA
Beats wireless solo 3,75,https://images.offerup.com/LH8X1GaK1YlDfJTmphr8-8Pzehs=/300x225/6ead/6ead23f7d25f4aa2838aff9b5e7ee95f.jpg,/item/detail/535386083/,Boston, MA
15 inch LCD TV,40,https://images.offerup.com/_afKdgQKrc1kN9BExShBaVKwtuQ=/300x225/48ec/48ec8f87ca9748dba90d98d677676b32.jpg,/item/detail/535312832/,Boston, MA
Nike apple watch,300,https://images.offerup.com/xG1q1avzk-P6uF7lC0EBzYZN8y0=/300x400/1ac3/1ac349b2e5d44203966162218402ebe4.jpg,/item/detail/535304180/,Boston, MA
Fitbit Blaze,80,https://images.offerup.com/1p9zpraEH2CG_UmyyofFVC86-Yk=/300x400/6ddb/6ddb73301637479493e9cb0e73872f84.jpg,/item/detail/535172720/,Brookline, MA
Portable charger,10,https://images.offerup.com/VsP4G5u3nk8vmDU_X1FJ_e4hIi4=/300x533/bf59/bf59d30f2bfe40089f8a376aef3aff22.jpg,/item/detail/534997884/,Boston, MA
Beats Solo 3 Wireless,200,https://images.offerup.com/EoLdAHkPXVv5g4cy_1Vkkm1d2Qw=/300x400/5a7a/5a7af684aae441c5b2aaa4ba82d2f484.jpg,/item/detail/534895749/,Boston, MA
DJI Phantom 4 Pro Drone + Accessori...,1400,https://images.offerup.com/56PTejlC7Bwo6aHZUaPqaVFsBP0=/300x225/79f9/79f966775be94795b185a41cc8751c46.jpg,/item/detail/534252021/,Newton, MA
Uggs Earmuff Headphones,20,https://images.offerup.com/ZK3uoWk-be6Oiw7G1UMJAAuHZUQ=/300x400/470a/470a71af7bf6482685d036eb36a5d447.jpg,/item/detail/534492473/,Boston, MA
iPad Pro 9.7 inch 128 gb silver bra...,500,https://images.offerup.com/8nly4NyCnEWn18a1FOA9wEgbN88=/300x533/0bec/0becfdb2dbff4013840ceb5f8e3d2ede.jpg,/item/detail/534052026/,Boston, MA
Apple Watch,200,https://images.offerup.com/gLEigIa8JURPh6dubPsEoGJXODc=/300x225/0b0a/0b0a934c34fe459fa15cfc3f9b1e4aa0.jpg,/item/detail/534023270/,Boston, MA
apple watch,150,https://images.offerup.com/oRu7aH04PpWjM9D3U8VOA7FicQI=/300x400/7937/793715836dc843c48b8c1f5fa34bbfad.jpg,/item/detail/534437926/,Chelsea, MA
Smart watch best offer,50,https://images.offerup.com/U0aKUjQAbs8rYR5Yxlw8hhrhjVc=/300x533/008f/008ffe67ae8f4608b0542f966ae98e70.jpg,/item/detail/534359385/,Cambridge, MA
Solo generation 3 wireless beats by...,150,https://images.offerup.com/jpUvxmSkENgnn4udZ__4qQTXaUQ=/300x533/99ec/99eca3f51ef540a5adce15c6ef2d9a01.jpg,/item/detail/534098076/,Boston, MA
Iphone 8 Plus Sprint,600,https://images.offerup.com/1YLi-M9nE2DBfWO73zJ0kYWNKlI=/300x300/bd89/bd89aae5c0cb4b1781b498357652e992.jpg,/item/detail/533874388/,Boston, MA
Is nothing wrong. I moving another ...,100,https://images.offerup.com/hhvN7S7dTqwps2y8wCJ3SHphvkE=/300x168/9337/93379f4dd5134a378d4ace8655a3bc5a.jpg,/item/detail/533722807/,Boston, MA
Desk  gaming desk,20,https://images.offerup.com/zasyJdGn3PAVup71-qA6VCyrMk8=/300x441/111e/111ebd2e35ee4236ab7683e792315361.jpg,/item/detail/562224130/,Gilbert, AZ
Sony cd/ DVD’s player,20,https://images.offerup.com/oqRt9Qat2o58SWCpcP3KgNBKF0s=/300x225/9df2/9df2e393bb494b4ebeb47b84da0f489a.jpg,/item/detail/533279343/,Somerville, MA
Toshiba Dvd Player,20,https://images.offerup.com/h2xurhKLErGFQb8EuMA_IF8sy4Q=/300x225/986d/986dff4fc167487285c5ff9e4bc4cb67.jpg,/item/detail/533272865/,Medford, MA
Samsung galaxy tab E,85,https://images.offerup.com/ZDUxelXwSvwqUmZlSlCgDaLmYY0=/300x413/125b/125ba6b1f8e64058a1de42a658c3a25a.jpg,/item/detail/533176500/,Boston, MA
Great Apple iPad 2nd gen. 16gb blac...,90,https://images.offerup.com/136lD1Qgc0Lp7z1BovWyrnceRNY=/300x224/8288/82885057922f4db488079d58c082327b.jpg,/item/detail/533165012/,Medford, MA
Ipad,250,https://images.offerup.com/ihI-4PVxbTiMqCDqyix0nGU1llo=/300x432/5b7f/5b7fb9a5564348b38fe4adb262003547.jpg,/item/detail/533154279/,Boston, MA
iPad mini 2 16gb,180,https://images.offerup.com/d_lV28NJl1AHABpeKkXFYJqQb-s=/300x400/537d/537d6342ee9d42b4806d060399dff539.jpg,/item/detail/533056068/,Medford, MA
iPhone X 256G,699,https://images.offerup.com/JlFlYlRqh6IGTczKXDw8w3i2THs=/300x432/2d9f/2d9fd6e04d434ca683e3619b7387da95.jpg,/item/detail/532921039/,Boston, MA
Karma filters 3 pack polar-Pro,30,https://images.offerup.com/ivBJFafZZmPaddjpUQnjV14lt4c=/300x400/ad3e/ad3e444721b745dea218ecfb626e16c0.jpg,/item/detail/532766673/,Boston, MA
TI-83 Plus,50,https://images.offerup.com/tvq9poEm0n7Yl_gHjYKf7QhZf2E=/300x400/9983/998316801a6141f09cc7c63c6d69946f.jpg,/item/detail/532566110/,Boston, MA
Google chrome cast,30,https://images.offerup.com/e966ko-sHOaeLimHlNo6HZoms20=/300x400/f42b/f42bfe15e6724e7682863118bb4e5e93.jpg,/item/detail/562198104/,Hanover Park, IL
Samsung Gear VR,50,https://images.offerup.com/8OYyFBm8pE2H8fFXzbP5uHWtdFo=/300x168/3933/3933edc4d82a4d5894eb64ac8f2b263f.jpg,/item/detail/531539130/,Boston, MA
$80 brand new beats,80,https://images.offerup.com/bxTwvFWa3UvULmHrPRvFXVi5-R4=/300x441/d0a1/d0a15e8bcffa470e827870f57d5a5cc6.jpg,/item/detail/532289996/,Chelsea, MA
UTOPIA 360 VIRTUAL REALITY HEADSET,25,https://images.offerup.com/w6VkSdVDWPXoO_DTSa0z1pK3-pk=/300x313/5cf0/5cf044a967934ca7944a400661d8fa8a.jpg,/item/detail/532129528/,Boston, MA
Square D 100amp circuit breaker QO2...,35,https://images.offerup.com/nicsWxIc6UvdTnLti5vk14EJyoA=/300x533/30de/30dec1de6e9e42e0af8e80afa6c73e3e.jpg,/item/detail/531829774/,Boston, MA
Eaton combination arc fault breaker,60,https://images.offerup.com/GjeqxiCiGYky63NTeo32Ps7zA7E=/300x533/514a/514a85d7a59d4024812ad4ba1a19c492.jpg,/item/detail/531825895/,Boston, MA
Apple iPad Air 1st generation 16gb ...,180,https://images.offerup.com/5FNs1T1X8R-xPHuhmCQ_lI77k3U=/300x224/9a68/9a68554225f44dda991ad7e0875ac49a.jpg,/item/detail/531642604/,Everett, MA
Kindle,150,https://images.offerup.com/of4uKJD4W-fPJicsKknfrZ5UmVs=/300x432/3449/34492305658a4f78b7521154db0118f4.jpg,/item/detail/531468761/,Boston, MA
Kennwood in dash car radio dvd play...,150,https://images.offerup.com/BaGc5FD5IFsy6qRr_3iaFhu79ps=/300x400/9501/9501e79c900f465098d56b5a6905677e.jpg,/item/detail/530570171/,Boston, MA
Dorm refrigerador,100,https://images.offerup.com/VOWVGCyNzLBBgIM1qctIcoDffCQ=/300x400/cefb/cefbb7d0ed9341b79e19e9e833c701ee.jpg,/item/detail/531256888/,Allston, MA
Kindle Oasis,200,https://images.offerup.com/A_iGako4n9G4P-f2MUqkXQPB6Rk=/300x400/0b92/0b9207b145be4fe39e022b19482d4794.jpg,/item/detail/531092229/,Boston, MA
Echo plus,90,https://images.offerup.com/0pitmY0FoDBCLUw0k8QfGaD8AK0=/300x400/ae4b/ae4b2cc7ec59436f84d5f5eb8b9bf4a2.jpg,/item/detail/530967988/,Boston, MA
gold ipad air 2,360,https://images.offerup.com/z4ak5Xf0hJzjMs_mvdxOFAV9sdk=/300x472/9211/921127d44c704f45b85b7f0a1e2dbb99.jpg,/item/detail/530864898/,Newton, MA
Sony Noise Cancelling Headphones,15,https://images.offerup.com/qyyTUCP8FPe4ixGMYtFYJP3mUjw=/300x533/f0fe/f0fee6313931462499f3e041c9703933.jpg,/item/detail/530506391/,Chelsea, MA
Jbl speakers,35,https://images.offerup.com/S74HDDnbpH7ij5QhXR29-day13A=/300x168/e7b3/e7b3dcd9b6114a5a8e90ffffadacf778.jpg,/item/detail/530394289/,Quincy, MA
Isound,35,https://images.offerup.com/gN-vrzYPvJKJHLCKJmGReQhSJjQ=/300x400/4742/47429624fb2e48209003677435978a7b.jpg,/item/detail/530366518/,Boston, MA
Like new Wacom Cintiq! Best pen fee...,500,https://images.offerup.com/p6ZhUBDsHc7LZ5kV5Nig3KrtYz0=/300x225/5154/51549505779743d1be37c2c3d04e3d07.jpg,/item/detail/530297201/,Cambridge, MA
Garmin car gps,25,https://images.offerup.com/hCAe0XUDKJpQRg0Y79uFizRihSw=/300x400/fc15/fc15e541045949bba4ca4eeb9814b4fb.jpg,/item/detail/530220101/,Chelsea, MA
Onyko ES-CTI300 Headphones - needs ...,20,https://images.offerup.com/hl0sK1v5K6gYBUzey6b24zX8loA=/300x400/de4e/de4e311573484428b349dcee2ec8678b.jpg,/item/detail/530131098/,Boston, MA
Good condition,150,https://images.offerup.com/aGzleIpWq7ou-rEt-2hckQXuhGI=/300x400/d507/d50795bf5dcc42c6b91c0b15d625b4ed.jpg,/item/detail/530109667/,US,
iPhone X 256G,899,https://images.offerup.com/O9ZJWYML3mJD8S_4bXkKZuBEY2Y=/300x432/1651/16512ef37ef24d6ea5006db9f6b5129e.jpg,/item/detail/529890374/,Boston, MA
Apple ac wall chargers with one usb...,20,https://images.offerup.com/jEUbncO0BoTBxTUdSFmW_MZheSY=/300x225/acfc/acfc133fc1ee4776a350a63faa0a65a9.jpg,/item/detail/529870297/,Newton, MA
Beats x,150,https://images.offerup.com/FLYH8lnDeUPboFLycqDfhzh0jLo=/300x400/b650/b6504dca5cbb401ca931ca93e1a63b57.jpg,/item/detail/529812720/,Boston, MA
Garmin GPS 64 ST,126,https://images.offerup.com/rh9M2yA2zEjjNoqfXIS24QtXNgM=/300x533/188b/188ba2f1007e4115a4cbe00f089f69ab.jpg,/item/detail/529740289/,Newton, MA
Samsung tablet,90,https://images.offerup.com/7Iw5taHFbjCXYpTq2PxT6vafVyg=/300x533/cf35/cf35fd2647af47578ea67b37ab57bee0.jpg,/item/detail/529610704/,Boston, MA
7 INCH TOUCH SCREEN,70,https://images.offerup.com/2CUujDbcOm4oYNvbJdi46TBUrp8=/300x231/2705/2705ed2081f74bd29e88019687fac432.jpg,/item/detail/529329768/,Boston, MA
Solo 3 beats wireless,130,https://images.offerup.com/lx5WoUf4U6T_6jtGc9xuBYZkRq0=/300x533/bfa2/bfa29862502544e7ae65a43ff69928bd.jpg,/item/detail/529137256/,Boston, MA
Av to hdmi converter,20,https://images.offerup.com/CVrKYu94F2eUYTHP1uvfQed4ti8=/300x409/5cc2/5cc270fbc4174ab6848f2af7cfc7ff3f.jpg,/item/detail/528935280/,Chelsea, MA
iclicker - used for one class,15,https://images.offerup.com/fywtUaF1tvgzGsJniwmbhgk7yfg=/300x400/e897/e8976203bd574416a73eb1253fbbcbfc.jpg,/item/detail/528532536/,Brookline, MA
Google home speaker “unopened”,100,https://images.offerup.com/2Y3mQoma5iXprIS-n_6XXtEEUGs=/300x400/3900/3900d0a41ad945b081b5447b2cf5faf0.jpg,/item/detail/528501805/,Watertown, MA
Fitbit Charge 2 HR,75,https://images.offerup.com/NPcHQ5XqRUYR7p3vDwnkp9qZum0=/300x411/6175/61757529a8cc4eb8858b4c9d2ee7079a.jpg,/item/detail/527522852/,Arlington, MA
iRobot,105,https://images.offerup.com/l0AkSRxHbgFzDKeuNAOy6u6dm8k=/300x413/c2ad/c2ad8517c9c243ef9bd39e276771bf35.jpg,/item/detail/528124017/,Watertown, MA
Gamevice apple,68,https://images.offerup.com/DzI7LLcyLgfO9UWy-FGBYC-02ao=/300x400/1e69/1e69be50dc7846ceb76848b4c66a2527.jpg,/item/detail/528011591/,Boston, MA
Garmin vivofit Hr,50,https://images.offerup.com/MbLPok9UrTZAM7P7kY2QhrQqpXk=/300x400/8fc1/8fc1cfec62f847c8b5c4ed8ccbec23ed.jpg,/item/detail/527979719/,Chelsea, MA
3DR Solo smart drone,540,https://images.offerup.com/U5HqkU9Ap4vuBQcq3YoJ4DMeJ_w=/300x225/2691/26912fe6c5314802824ceb48e6ab244a.jpg,/item/detail/527710910/,Boston, MA
Apple Watch Rose Gold,120,https://images.offerup.com/7QuvSWKMA5nf5lZ-kUWYEH_dHpo=/300x793/800e/800ecb6b07cb478c9ee07f380923ad0f.jpg,/item/detail/562176079/,Tempe, AZ
ORIGINAL LOT OF 10 IPHONE CHARGERS,40,https://images.offerup.com/tTigcr3Dnfd28o15YGFOl891jBQ=/300x400/3caf/3cafd8b9bb244926a7b74d431f6c5cdd.jpg,/item/detail/503857398/,Chelsea, MA
Air conditioner,180,https://images.offerup.com/tMambPRPJCSPzfDh-nqx2rkFxso=/300x400/140b/140b8a7a792246dabe7a37c043e96b08.jpg,/item/detail/527486791/,Belmont, MA
Idylis Air Purifier,25,https://images.offerup.com/S1aFJhj6dkC8LFJjmErd5OGZqZA=/300x400/4442/4442675820254fda94762e620ec92223.jpg,/item/detail/527349873/,Watertown, MA
Apple iPad mini 1st generation 16gb...,120,https://images.offerup.com/9M8oMGVPcXN-ZbqTVyegTbrjvFI=/300x400/182c/182c6304a7f3471e8cbad23bde7a6af4.jpg,/item/detail/527241296/,Everett, MA
Chrome Books for sale!!!,180,https://images.offerup.com/Wgxw05RSze28JilXvt0wna12PS4=/300x441/8f21/8f21a4e9c6664d52b4c9a416e88569b9.jpg,/item/detail/527010969/,Boston, MA
Tom-tom GPS,30,https://images.offerup.com/B_7oLsAfT6S61opwkEt8WX8SCNE=/300x400/5622/562205e57a324578b6c1bef06b668793.jpg,/item/detail/562150067/,Louisville, KY
iPhone Screen/Glass Protector,19,https://images.offerup.com/NiCmG2Nl_XNJU-6ZwRXve90V140=/300x413/089d/089dc64cbf844384a872ee2de5102ec2.jpg,/item/detail/526799352/,Somerville, MA
Cobra Walkie Talkie,15,https://images.offerup.com/dVpViGmSL6IcqnIaLaabaXWEaBw=/300x400/224a/224a6008eb4c4b7ba8f96f07c404ce10.jpg,/item/detail/526779995/,Medford, MA
Gps Tomtom,30,https://images.offerup.com/FaPkgpg3xPV1Vje0mcrsSfH2JT4=/300x533/39fd/39fd73245d8b4239a846c4a4b1b3825b.jpg,/item/detail/526646006/,Revere, MA
Excellent Apple iPad mini 1st gener...,110,https://images.offerup.com/U6WOAlOqmoZxjCl-K14ExkVEr7U=/300x400/e4ca/e4ca1cd378d7440aa0d338119dde171c.jpg,/item/detail/526536710/,Everett, MA
iPhone 7 Plus and iPhone 6 cases,8,https://images.offerup.com/XO6Za2eQ_AFhIlxEkXm2G124gow=/300x400/f3bb/f3bb6eb475e349d182fc96a3ce06900a.jpg,/item/detail/526365790/,Boston, MA
Brand new ZAAG iPad keyboard  never...,75,https://images.offerup.com/L0b7XGhykDnYeCPuwFCQaDEghDk=/300x432/f4fc/f4fcadfceb784cb7a4115a39c14471af.jpg,/item/detail/526169652/,Boston, MA
My charge portable charger,25,https://images.offerup.com/wP5qgZOyTojptwpfSDKnEM32z00=/300x533/ae92/ae92fbe0c7094c56b2eea2ef7f01d6d5.jpg,/item/detail/526082978/,Boston, MA
Old school fit bit.,20,https://images.offerup.com/tL_Jl2fde_viMtBZ2hLVPEFJaG8=/300x400/d4ef/d4ef086d94b448a7960733e9f6a8d010.jpg,/item/detail/525970271/,Cambridge, MA
Radio,150,https://images.offerup.com/_PTHt6TDA1s_VrxTg0vwCFN6M2Q=/300x225/c063/c0631618851f4d3daebd8623bbacf984.jpg,/item/detail/525907809/,Boston, MA
MacBook Air,600,https://images.offerup.com/4-qLH-IIxpAwBrOsumoDDhtGnfg=/300x400/d410/d410a30a5da54cf0b70f40db2f5fdef5.jpg,/item/detail/525865036/,Boston, MA
Headphones. Beats by dre studio 2.0...,100,https://images.offerup.com/Av4CyUuvWs6ABHGdbmHT5KDSAOU=/300x245/990b/990bf25fda834d88af2e310df97f6e29.jpg,/item/detail/525754524/,Boston, MA
Electronics wire,5,https://images.offerup.com/xcmW5oLx67iqI0BV6Luj3cERRm8=/300x400/d593/d5939cb5e0444a0b9cbc9dff843d621c.jpg,/item/detail/525676974/,Boston, MA
Apple iPod (3) 10$ Each,10,https://images.offerup.com/wdaijSdMzqhz3IWfbLmes7Egjto=/300x400/1b71/1b71e9e907c54441982f2d48b975250c.jpg,/item/detail/525611125/,Boston, MA
HP-AMP Bluetooth Printer,125,https://images.offerup.com/WodQ2Q95Lpk4UhuewNBs-yQcWNE=/300x400/593d/593ddda9d6fd4a97bd035462347a8586.jpg,/item/detail/525467014/,Boston, MA
Zhiyun - Smooth-Q 3-Axis Handheld G...,80,https://images.offerup.com/A3KzPRXcHG0EKcvMmxdu7QO6_oY=/300x533/85ac/85ace3e1c8054007abd2890ea6e1a53f.jpg,/item/detail/525355903/,Medford, MA
Lenovo Yogabook,125,https://images.offerup.com/k3n5qJbqtPfr9r4nGnsG_xNpJek=/300x600/c03a/c03a239f60dd4ea8a702b04360481972.jpg,/item/detail/525172437/,Everett, MA
Apple iPad mini 1st generation 16gb...,120,https://images.offerup.com/LrR6pXT-qVgk03UqtAE2lsjv5Eo=/300x225/c792/c792c64749004ab38a2d7dc42146e8c0.jpg,/item/detail/525107465/,Everett, MA
Fitbit Blaze Smartwatch,95,https://images.offerup.com/wjOmY9y1hyPE3HUzJ87oInzXT3o=/300x400/37cb/37cb628e6e0d4116a6af57836391c6c7.jpg,/item/detail/525027506/,Boston, MA
Speaker,30,https://images.offerup.com/-u8O_yqFKk6lNiwLIi4VmkI9R3w=/300x400/e75b/e75b52bf83fd4ea0852b806777229345.jpg,/item/detail/524817322/,Boston, MA
Sound flow wireless dock,30,https://images.offerup.com/54W_mTW3-4fS6CwcT3xNrV9nzVI=/300x400/3786/37864e12aedf4ff6b00863821be1e38c.jpg,/item/detail/524793927/,Boston, MA
Dragon Box,160,https://images.offerup.com/LTw-U8b0sb9s_OTp4B4eg3tJFMU=/300x413/2186/21864e912b44471aaf22030d4217472d.jpg,/item/detail/524645192/,Boston, MA
Airpods,150,https://images.offerup.com/euEeBWRhUepRHX9K6KP5KKukKtQ=/300x432/98d1/98d1080bb8ee47b9baffb210566dc170.jpg,/item/detail/524441844/,Boston, MA
"Samsung smart tv 50""with stand free...",600,https://images.offerup.com/FSO-ChRs0Aq90H4OwJhQn2g0pyg=/300x533/5329/5329e7b068574972a7781fa9b92bfe48.jpg,/item/detail/524412427/,Boston, MA
Popsockets,50,https://images.offerup.com/W_0TBqJshUxg6ae88-0YymUEvzo=/300x400/e868/e868333c4adb483c87e241ec6cfc0df5.jpg,/item/detail/524182602/,Everett, MA
Fossil Q Founder Smart Watch,100,https://images.offerup.com/Fx97CzE9fdWM-PntpuPM-9zFKfQ=/300x400/700e/700ee98968a643ce915bc5c298772fc7.jpg,/item/detail/524158223/,Boston, MA
Lenovo Thinkpad E440,100,https://images.offerup.com/2zcHjcCAiEpGBLNXW6zl1sgZEpQ=/300x395/c7f1/c7f1d2cbf04b4709bea6045a6f557a3e.jpg,/item/detail/524122632/,Boston, MA
Kindle paper white,150,https://images.offerup.com/VTwatRkWzntlSlwCEE33xmNsZRg=/300x191/f628/f62813e9ec3141f0bfe3985906f546d1.jpg,/item/detail/524092073/,Boston, MA
B&W speakers round and square,500,https://images.offerup.com/010SYDhVc1UFBCyGqqVqwT8FHLU=/300x400/15d2/15d217e4f96944b392fd04b87a021e1d.jpg,/item/detail/524001510/,Boston, MA
iPad 2,90,https://images.offerup.com/znyf2bYec66qbCGDtlFwxeUcU9c=/300x400/440e/440e346732d0441d98cee9001b3bd049.jpg,/item/detail/523966909/,Boston, MA
Extra large GPS.Garmin with stand.,45,https://images.offerup.com/bEoUXVn1wg60G44HCEVbz0XvNWE=/300x533/28b2/28b23c4d25934716845bed13278a3984.jpg,/item/detail/523807671/,Boston, MA
Texas instrument - scientific calcu...,5,https://images.offerup.com/zRNfoRJnfoC_6m6DeA6awC3se04=/300x400/4b39/4b3925ab84254e00823cad9efc6ad7ec.jpg,/item/detail/523547689/,Boston, MA
98-02 honda accord rear window viso...,60,https://images.offerup.com/4Jdkz-vLgIuB8jkFKmgjvDfUZjY=/300x225/faee/faeea7cda2e7435997bf90c7520cdfe7.jpg,/item/detail/523440151/,Chelsea, MA
Echo Dot- Alexa,25,https://images.offerup.com/yMIbxcYycwM8Ypx2OkYPEWR9Tgw=/300x400/1aeb/1aebfb992bbc49b9a849f6a6382ac697.jpg,/item/detail/523427234/,Newton, MA
Nike+ Series 2 Apple Watch,300,https://images.offerup.com/98w6ty97uC3GHC2sAnQ_t6-vPTw=/300x400/9a9a/9a9ad152a1104ec0be1dbedecbbd2551.jpg,/item/detail/522607172/,Boston, MA
Lenovo thinkPad Laptop,185,https://images.offerup.com/8GSUMfkUV-gMv9h1jNHZBoNKyDo=/300x300/4b15/4b154401172e49bb9d29930d7ce5f493.jpg,/item/detail/523114965/,Boston, MA
Rca pro 12 two in one tablet,140,https://images.offerup.com/J0D0Rt0JEdBsAOIY_ZEU5HBQp1Y=/300x533/fce8/fce857af4929463db4aad10f6fda1817.jpg,/item/detail/562109955/,New London, CT
AAA battery case,8,https://images.offerup.com/aI7IivkGAN_MklyTMsg83aj9Dgg=/300x400/16b5/16b5c8432b8d4a67bbc13937a99f5cbb.jpg,/item/detail/522697499/,Boston, MA
Amazon echo,50,https://images.offerup.com/q1FDm8vZkrygF7JPVb0RHUzrPg8=/300x400/2bc5/2bc56741377a4d7492df1efe2ca97f7b.jpg,/item/detail/522669967/,Boston, MA
Beats solo 3,80,https://images.offerup.com/SIYOfd3_E0Hdyns-vwNqlhLy7BQ=/300x225/3deb/3deb775235f04ae092cdb0ce029dad42.jpg,/item/detail/562113055/,Los Angeles, CA
Multi-Use Sterilizer,20,https://images.offerup.com/sHNfRwg4pXn0ysmXTcP4hdFRBCs=/300x266/2424/24244475e0c447ceb4241e17ac8cc577.jpg,/item/detail/522603946/,Boston, MA
Fitbit Charge 2,80,https://images.offerup.com/VGBAXpM1_69a_7D5T1_YBdY9dVw=/300x400/4759/4759099b1862485a85bbc5e210e88a3d.jpg,/item/detail/522179994/,Boston, MA
Bose sound sport headphones,100,https://images.offerup.com/oA8Nx4GYLUwn28VVuN2v-Q247OQ=/300x400/dd95/dd9593a075bb4413b99be2c674ea3b66.jpg,/item/detail/522481252/,Boston, MA
Resident evil the complete collecti...,10,https://images.offerup.com/NHK0XBm_zRr5TsBZPTmujC7CJRQ=/300x533/2514/2514ee48fe5b4e888a06f8a558e7408d.jpg,/item/detail/522385093/,Boston, MA
AMAZON ECHO DOT,20,https://images.offerup.com/SINRw5UvcNHJlb8vgEB-nC5XquE=/300x533/0f4b/0f4b2bc742e143b89f5c306671396328.jpg,/item/detail/522053704/,Boston, MA
Sharp Alarm Clock with Temperature ...,20,https://images.offerup.com/rli1CBjaESfMtclXJHHhPwfOf0M=/300x432/0e8e/0e8ef1b186e645edb6a8a2bf29a80276.jpg,/item/detail/521846082/,Boston, MA
Sony Sound Sytem with remote contro...,70,https://images.offerup.com/DCX9GjfROXy1U0E77IQfA-GF-Mw=/300x534/77c2/77c21e21cd8d4894951dd0729268636d.jpg,/item/detail/384721631/,Cambridge, MA
iPod Nano case,10,https://images.offerup.com/zb9CK0JEqKy_w0CzbfsLMD-44KQ=/300x432/cd6c/cd6c211a176a462f8742973524fe39ca.jpg,/item/detail/521066416/,Boston, MA
Apple AC Adapter,15,https://images.offerup.com/a5-6XciKlo-TvfJcTz6QWMKh6TE=/300x400/654e/654e6a76a71e4b24927db0d3c928cf50.jpg,/item/detail/562109174/,San Diego, CA
ALEXA,55,https://images.offerup.com/jiOPcsYxKKZXcTtqjAT2ukmnKEU=/300x319/c04b/c04bfd011ef8460c906605389fa15363.jpg,/item/detail/521204106/,US,
Apple iPad Pro 128GB 4G & Wi-Fi Whi...,450,https://images.offerup.com/6pfaStMMWZjjLA82mhTCJJ7jlQc=/300x229/81e9/81e98489217c4adc85623f1854b5e165.jpg,/item/detail/513315828/,Boston, MA
Fitbit great condition just needs a...,60,https://images.offerup.com/0TzzDuxSfUBus1_zJqnaqQnkyH0=/300x533/24a9/24a9b536f8e742cc814fd921186d7d0d.jpg,/item/detail/521122341/,Boston, MA
Nest Programmable Thermostat,199,https://images.offerup.com/RM64nLp2L_y7jwdRTs5Boim5dFI=/300x616/5d60/5d60d8f1ddcb4b23aff51b12e298d94c.jpg,/item/detail/520693398/,Boston, MA
Ipad,150,https://images.offerup.com/-lWG38FPgbRjktVyjIYZ-3jy3RM=/300x400/4808/48085c2304314b1486564be98f98833f.jpg,/item/detail/520437498/,Everett, MA
UFC Earbuds,12,https://images.offerup.com/QSaeIepV906Vkt9-JTkeWThSmNs=/300x400/3903/3903123ae797458bbc162de246dfe880.jpg,/item/detail/520285608/,Somerville, MA
Fitbit Charge 2,120,https://images.offerup.com/jDyy93YY0tL8RCSpyk8tAeTlT-0=/300x400/a371/a371b8cfd69e4ba4ace1ffa570f7b875.jpg,/item/detail/520098144/,Somerville, MA
Sub woofers,150,https://images.offerup.com/CGy_McUDRIWLiEZjsQIuSNM60Fk=/300x168/4c89/4c8983edce4d480da2587b376146f8cf.jpg,/item/detail/519909294/,Boston, MA
IPad 2017 space gray 32gb,240,https://images.offerup.com/ZpR6iTuGtuXVkwjmanaRpMBbE7E=/300x233/eae7/eae7c8b43bd44d81b4824aac7cf4b268.jpg,/item/detail/519833444/,Arlington, MA
13 mm × 32 Inch plata set no pierde...,340,https://images.offerup.com/LJ1MrXlrFaVgluSgmOOI9h80eL8=/300x533/284a/284acbb765134263ababf24e898b7643.jpg,/item/detail/519725651/,Cambridge, MA
Galaxy S7 brand new no box...,350,https://images.offerup.com/_4_Qwy0xppwyk0bvHJoVtmyBGK8=/300x400/9cc1/9cc124fe9e354acdb5d189453e221be6.jpg,/item/detail/519675753/,Boston, MA
iPhone 5s mophie juice pack battery...,20,https://images.offerup.com/IwRQCOlB_F3sP8f13tPjvulcTIY=/300x441/b6b3/b6b3d291efab471f92068cb7d9ac6a52.jpg,/item/detail/519607545/,Boston, MA
Beats solo 3 wireless,150,https://images.offerup.com/kju0ldmwSEIu_HvNlXq1adtqCOc=/300x400/8987/89876b5d7446403ba3279ac54ad056e6.jpg,/item/detail/519592045/,Boston, MA
Dell Inspiron 5559,300,https://images.offerup.com/HoyMAE0ZJnRxs9eTsqtwcp-YBhs=/300x300/3ef9/3ef99083a3cf467b814d382d82d490b4.jpg,/item/detail/519532530/,Boston, MA
iPhone car charger,5,https://images.offerup.com/4mYrAK4crOfenfWEpkFiudDs60E=/300x400/0fca/0fca61812a5e41b9a85710f372571563.jpg,/item/detail/519294065/,Boston, MA
Double aux Connection,5,https://images.offerup.com/fA9HI_3k5senTxUy_2Oor8HD9LY=/300x400/6e4b/6e4b1d1feb7140f9a09b4314bcc5eb7a.jpg,/item/detail/519288847/,Boston, MA
Jbl charge 3 like new,100,https://images.offerup.com/HKqIO6xVETEm9DT-p_is32PA0KI=/300x533/e7f9/e7f985f082324ee2a91dc75d23131bc0.jpg,/item/detail/562100126/,Burien, WA
Recorder,30,https://images.offerup.com/sKGgK5n2v3i-v1oOs6Hivn-DnsI=/300x533/4e58/4e58bf1ca19f42f3ad5e91a1a9c3e9c3.jpg,/item/detail/519170231/,Boston, MA
Swagtron,100,https://images.offerup.com/yZ8v4z3JEMaPU2-NwrWxHrsVh2U=/300x168/623b/623b4ef1b5f44e789d03ea05efa83c7d.jpg,/item/detail/519085648/,Everett, MA
Beats Solo Original Headphones,100,https://images.offerup.com/NUO4ifgoa6VWilgehjts8dmDxnA=/300x225/6f06/6f0626f8d2e844d0b30ba87d8d7d06ad.jpg,/item/detail/519024246/,Boston, MA
Dexcom 6 Receiver,300,https://images.offerup.com/jis6OF9NtHTCzNG4ZfmegRi3ph8=/300x400/6a07/6a07e0a2aea84a819259a38a3fc65067.jpg,/item/detail/562107588/,Elmwood Park, IL
Language Teacher Electronic Diction...,90,https://images.offerup.com/4863dXTmWfQBfEsYtdsrhkUKwxk=/300x400/1e0e/1e0e45a29c96491b8b5d07891a2f8d7d.jpg,/item/detail/518744618/,Somerville, MA
Ipod nano,40,https://images.offerup.com/Xk0ZXGRd3lg1YFpzQtdcQCQy2LA=/300x400/53f2/53f20e8eeb914c67abba5273744c0411.jpg,/item/detail/518577365/,Boston, MA
Digital Kitchen Scale from Japan,5,https://images.offerup.com/mRGahxbZYLb1zEvdgx9ZBz8gDvA=/300x400/20d6/20d6baeb96aa486792d8e35fcb882783.jpg,/item/detail/518214744/,Brookline, MA
iPhone 6s,250,https://images.offerup.com/hXMjSdzQgCGWo6Y9P8on2qOTGhc=/300x400/fa92/fa92cafd484d4c5d856ffac2e8c55c3a.jpg,/item/detail/517896311/,Everett, MA
Portable charger,20,https://images.offerup.com/_Q-sNLT0vqr7r6lW3rcv8WvRkIw=/300x400/6972/6972793a7dfe4a0488437eec198c5ef7.jpg,/item/detail/518149470/,Boston, MA
Apple Watch  Series 2  42mm,230,https://images.offerup.com/hKNbe5AGBBzSjwt_adjSwQU2m64=/300x400/83b9/83b9583320f8491c845150fbae1c57d7.jpg,/item/detail/517202993/,Boston, MA
TI-83 Plus Texas Instruments Calculator,30,https://images.offerup.com/T-x_NJ9SoY0Qc7Z_HAx4hROiZFY=/300x401/7fb5/7fb5367124b14e2981be7ba640821e8a.jpg,/item/detail/518000771/,Boston, MA
Apple watch 1st Gen 42mm,185,https://images.offerup.com/bt1bdo-F7ccMYqYixRjCoPtDdw0=/300x533/dbe6/dbe6c835b333411e9fbcc22ca2f5e52b.jpg,/item/detail/517904656/,Arlington, MA
Garmin Edge 520 + Garmin Heart ,250,https://images.offerup.com/MOVhFjuY1FumjLAjGal40isZ7F4=/300x400/5152/515225dd964442ce8ddac22b0be90497.jpg,/item/detail/517887979/,Watertown, MA
Plantronics Marque 2 Bluetooth Headphones,60,https://images.offerup.com/81a2N6rYLfj02RUsuJm1u8KyEt8=/300x400/f482/f4821a1ab6c64105a11e7d36541d07ca.jpg,/item/detail/517723641/,Boston, MA
Dell Latitude Laptop for sale!,200,https://images.offerup.com/gLQT66Idcfl5Zk42sNA3mzm_X_8=/300x225/c7f3/c7f3b33dde2b494b991eee24146ce70c.jpg,/item/detail/517054726/,Boston, MA
Brookstone Wireless TV headphones,25,https://images.offerup.com/b2-GH_h4ZE6imw_coD31K34s2OE=/300x400/66a3/66a303a4b0eb43ffa89a13eb4efb91ee.jpg,/item/detail/517309362/,Boston, MA
Telephone,40,https://images.offerup.com/HTkW7X0OdjGr-NrlCxqK9jDynZ4=/300x400/c5e2/c5e2e29ab8e149ecaf299059c49395d5.jpg,/item/detail/517266213/,Everett, MA
Apple watch 1st Gen 38mm,165,https://images.offerup.com/crCoCfd_Xr0PgIVIMSSMaVONAH4=/300x533/a53d/a53d43070fc347bc80b982b13cff2bd6.jpg,/item/detail/517192682/,Cambridge, MA
Klipsch speaker Brand New,350,https://images.offerup.com/r5B6f0Ru3LiMwdE4p5zO6fUOobg=/300x460/5034/50347b387fe3433c9b413e3bf74bb387.jpg,/item/detail/517147355/,Boston, MA
Black ASUS 15’6 Laptop brand new ,650,https://images.offerup.com/wMJ3ogEfsKmoCQupb6HgXadegpg=/300x533/7060/70606e764663428c961f3f62832b1efb.jpg,/item/detail/517004420/,Boston, MA
INSANE WIRELESS SPEAKER ORIGINAL ,160,https://images.offerup.com/guIaM4EveHPQ7DGZEODTtQhuuGA=/300x225/42bc/42bccf441dde4470ae234b52aed6d091.jpg,/item/detail/516146558/,Brookline, MA
Black/white/Grey,350,https://images.offerup.com/ll9q9bSVi_sRqqNM7YvgHxfwXg0=/300x225/86c7/86c7193b848740a39edc5c7fa3fc43f4.jpg,/item/detail/516620573/,Dorchester, MA
IPhone 6 Have iCloud,100,https://images.offerup.com/14DtBa0g0JmnlwY10V-73hwJzKU=/300x400/b75b/b75b5ab083ef4909ad2e9c9a3144b3d8.jpg,/item/detail/516558468/,Boston, MA
Fully working Xbox 370 slim moving,50,https://images.offerup.com/8Y7olbCTu0JcDtZQOV0g2g0vi8Q=/300x400/b09d/b09dd400f5644b6bb07393420ca236e7.jpg,/item/detail/516305010/,Boston, MA
Samsung Gear VR,40,https://images.offerup.com/ypvyJrPH4pn1-RbzTY-bxur5VMU=/300x145/d79e/d79e59284a9449b995188ada836c8284.jpg,/item/detail/516236728/,Quincy, MA
New HS100 Drone Battery,35,https://images.offerup.com/-IxZp6rmQuKH0himQl8GNe6oAz4=/300x400/8a2b/8a2b3f55926e4312919c99e8c5599e74.jpg,/item/detail/516142587/,Boston, MA
iPod Touch 5th Generation,60,https://images.offerup.com/ixbkKlSaC3CeNZ7YlmaOmFN35YA=/300x400/21a1/21a1238bad914a2d9c77cae55e334c82.jpg,/item/detail/515364462/,Boston, MA
Apple iPad mini 1st generation 16gb...,120,https://images.offerup.com/A6BHg5596tuCQeds5-Nk-lm16FA=/300x400/b05c/b05c768f57164edaad459be94e863fc3.jpg,/item/detail/515340962/,Everett, MA
Apple Watch Nike plus series 3 42mm...,290,https://images.offerup.com/gkMueIY44Yspa4HKb0_m1vOd2-c=/300x400/fef5/fef5869474084f9aa9a740bfc7d08970.jpg,/item/detail/515135404/,Boston, MA